scenario_id,phase,arm,replicate,n_orders,hold_n,move_n,support_n,reasoning_len,order_set
s00,opening,control,0,2,1,1,0,1031,shangdang|hold|||;zheng|move|luoyang||
s00,opening,control,1,2,1,1,0,872,shangdang|hold|||;zheng|move|luoyang||
s00,opening,control,2,2,1,1,0,799,shangdang|hold|||;zheng|move|luoyang||
s00,opening,control,3,2,1,1,0,1016,shangdang|hold|||;zheng|move|luoyang||
s00,opening,control,4,2,1,1,0,743,shangdang|hold|||;zheng|move|luoyang||
s00,opening,control,5,2,1,1,0,977,shangdang|hold|||;zheng|move|luoyang||
s00,opening,control,6,2,1,1,0,1184,shangdang|hold|||;zheng|move|luoyang||
s00,opening,control,7,2,1,1,0,1245,shangdang|hold|||;zheng|move|luoyang||
s00,opening,tarot,0,2,1,1,0,1561,shangdang|hold|||;zheng|move|luoyang||
s00,opening,tarot,1,2,1,1,0,1423,shangdang|hold|||;zheng|move|luoyang||
s00,opening,tarot,2,2,1,1,0,1313,shangdang|hold|||;zheng|move|luoyang||
s00,opening,tarot,3,2,1,1,0,1080,shangdang|hold|||;zheng|move|luoyang||
s00,opening,tarot,4,2,1,1,0,1080,shangdang|hold|||;zheng|move|luoyang||
s00,opening,tarot,5,2,1,1,0,1153,shangdang|hold|||;zheng|move|luoyang||
s00,opening,tarot,6,2,1,1,0,1390,shangdang|hold|||;zheng|move|luoyang||
s00,opening,tarot,7,2,1,1,0,1205,shangdang|hold|||;zheng|move|luoyang||
s00,opening,yarrow,0,2,1,1,0,974,shangdang|hold|||;zheng|move|luoyang||
s00,opening,yarrow,1,2,1,1,0,1469,shangdang|hold|||;zheng|move|luoyang||
s00,opening,yarrow,2,2,2,0,0,1474,shangdang|hold|||;zheng|hold|||
s00,opening,yarrow,3,2,1,1,0,1323,shangdang|hold|||;zheng|move|luoyang||
s00,opening,yarrow,4,2,1,1,0,1138,shangdang|hold|||;zheng|move|luoyang||
s00,opening,yarrow,5,2,1,1,0,1269,shangdang|hold|||;zheng|move|luoyang||
s00,opening,yarrow,6,2,1,1,0,1333,shangdang|hold|||;zheng|move|luoyang||
s00,opening,yarrow,7,2,1,1,0,1642,shangdang|hold|||;zheng|move|luoyang||
s01,opening,control,0,2,1,0,1,977,luoyang|hold|||;shangdang|support|henei|wei|hold
s01,opening,control,1,2,1,0,1,1056,luoyang|hold|||;shangdang|support|henei|wei|hold
s01,opening,control,2,2,0,1,1,2039,luoyang|support|zheng|han|move;shangdang|move|zheng||
s01,opening,control,3,2,2,0,0,1151,luoyang|hold|||;shangdang|hold|||
s01,opening,control,4,2,0,1,1,1258,luoyang|support|zheng|han|move;shangdang|move|zheng||
s01,opening,control,5,2,2,0,0,876,luoyang|hold|||;shangdang|hold|||
s01,opening,control,6,2,0,1,1,1901,luoyang|move|zheng||;shangdang|support|zheng|han|move
s01,opening,control,7,2,2,0,0,814,luoyang|hold|||;shangdang|hold|||
s01,opening,tarot,0,2,0,1,1,1820,luoyang|move|zheng||;shangdang|support|zheng|han|move
s01,opening,tarot,1,2,0,1,1,1748,luoyang|support|zheng|han|move;shangdang|move|zheng||
s01,opening,tarot,2,2,2,0,0,1418,luoyang|hold|||;shangdang|hold|||
s01,opening,tarot,3,2,1,0,1,1146,luoyang|support|zheng|chu|hold;shangdang|hold|||
s01,opening,tarot,4,2,2,0,0,1725,luoyang|hold|||;shangdang|hold|||
s01,opening,tarot,5,2,0,1,1,1361,luoyang|support|zheng|han|move;shangdang|move|zheng||
s01,opening,tarot,6,2,1,0,1,1685,luoyang|hold|||;shangdang|support|henei|wei|hold
s01,opening,tarot,7,2,1,1,0,1677,luoyang|hold|||;shangdang|move|henei||
s01,opening,yarrow,0,2,1,0,1,1670,luoyang|hold|||;shangdang|support|henei|wei|hold
s01,opening,yarrow,1,2,1,0,1,1381,luoyang|hold|||;shangdang|support|henei|wei|hold
s01,opening,yarrow,2,2,1,0,1,2068,luoyang|hold|||;shangdang|support|henei|wei|hold
s01,opening,yarrow,3,2,1,0,1,1328,luoyang|hold|||;shangdang|support|henei|wei|hold
s01,opening,yarrow,4,2,2,0,0,1479,luoyang|hold|||;shangdang|hold|||
s01,opening,yarrow,5,2,1,0,1,1545,luoyang|hold|||;shangdang|support|henei|wei|hold
s01,opening,yarrow,6,2,1,0,1,1475,luoyang|hold|||;shangdang|support|henei|wei|hold
s01,opening,yarrow,7,2,1,0,1,1645,luoyang|hold|||;shangdang|support|zheng|chu|hold
s02,opening,control,0,2,0,1,1,958,hanzhong|support|zheng|han|move;shangdang|move|zheng||
s02,opening,control,1,2,0,1,1,1129,hanzhong|move|zheng||;shangdang|support|zheng|han|move
s02,opening,control,2,2,0,1,1,942,hanzhong|support|zheng|han|move;shangdang|move|zheng||
s02,opening,control,3,2,1,0,1,955,hanzhong|hold|||;shangdang|support|henei|wei|hold
s02,opening,control,4,2,0,1,1,1001,hanzhong|move|zheng||;shangdang|support|zheng|han|move
s02,opening,control,5,2,0,1,1,878,hanzhong|support|zheng|han|move;shangdang|move|zheng||
s02,opening,control,6,2,0,1,1,1237,hanzhong|move|zheng||;shangdang|support|zheng|han|move
s02,opening,control,7,2,2,0,0,1113,hanzhong|hold|||;shangdang|hold|||
s02,opening,tarot,0,2,1,0,1,1633,hanzhong|hold|||;shangdang|support|henei|wei|hold
s02,opening,tarot,1,2,2,0,0,1267,hanzhong|hold|||;shangdang|hold|||
s02,opening,tarot,2,2,0,1,1,1156,hanzhong|support|zheng|han|move;shangdang|move|zheng||
s02,opening,tarot,3,2,1,0,1,1698,hanzhong|hold|||;shangdang|support|henei|wei|hold
s02,opening,tarot,4,2,0,1,1,1628,hanzhong|support|zheng|han|move;shangdang|move|zheng||
s02,opening,tarot,5,2,1,0,1,1532,hanzhong|hold|||;shangdang|support|henei|wei|hold
s02,opening,tarot,6,2,2,0,0,745,hanzhong|hold|||;shangdang|hold|||
s02,opening,tarot,7,2,1,0,1,1233,hanzhong|hold|||;shangdang|support|henei|wei|hold
s02,opening,yarrow,0,2,0,1,1,1777,hanzhong|move|zheng||;shangdang|support|zheng|han|move
s02,opening,yarrow,1,2,1,0,1,1217,hanzhong|hold|||;shangdang|support|henei|wei|hold
s02,opening,yarrow,2,2,0,1,1,1214,hanzhong|support|zheng|han|move;shangdang|move|zheng||
s02,opening,yarrow,3,2,0,1,1,1566,hanzhong|move|zheng||;shangdang|support|zheng|han|move
s02,opening,yarrow,4,2,0,1,1,1595,hanzhong|support|zheng|han|move;shangdang|move|zheng||
s02,opening,yarrow,5,2,0,1,1,1445,hanzhong|support|zheng|han|move;shangdang|move|zheng||
s02,opening,yarrow,6,2,2,0,0,1892,hanzhong|hold|||;shangdang|hold|||
s02,opening,yarrow,7,2,0,1,1,1360,hanzhong|move|zheng||;shangdang|support|zheng|han|move
s03,opening,control,0,2,1,1,0,1206,shangdang|hold|||;zheng|move|shangcai||
s03,opening,control,1,2,1,1,0,1294,shangdang|hold|||;zheng|move|shangcai||
s03,opening,control,2,2,1,1,0,956,shangdang|hold|||;zheng|move|shangcai||
s03,opening,control,3,2,1,1,0,1021,shangdang|hold|||;zheng|move|shangcai||
s03,opening,control,4,2,1,0,1,748,shangdang|support|zheng|han|hold;zheng|hold|||
s03,opening,control,5,2,1,1,0,1082,shangdang|hold|||;zheng|move|shangcai||
s03,opening,control,6,2,1,1,0,904,shangdang|hold|||;zheng|move|shangcai||
s03,opening,control,7,2,1,1,0,1042,shangdang|hold|||;zheng|move|shangcai||
s03,opening,tarot,0,2,1,0,1,1691,shangdang|support|zheng|han|hold;zheng|hold|||
s03,opening,tarot,1,2,1,1,0,1135,shangdang|hold|||;zheng|move|shangcai||
s03,opening,tarot,2,2,1,1,0,1652,shangdang|hold|||;zheng|move|shangcai||
s03,opening,tarot,3,2,1,0,1,1980,shangdang|support|zheng|han|hold;zheng|hold|||
s03,opening,tarot,4,2,1,1,0,1240,shangdang|hold|||;zheng|move|shangcai||
s03,opening,tarot,5,2,1,1,0,1201,shangdang|hold|||;zheng|move|shangcai||
s03,opening,tarot,6,2,1,1,0,1054,shangdang|hold|||;zheng|move|shangcai||
s03,opening,tarot,7,2,1,1,0,1345,shangdang|hold|||;zheng|move|shangcai||
s03,opening,yarrow,0,2,1,1,0,1680,shangdang|hold|||;zheng|move|shangcai||
s03,opening,yarrow,1,2,1,1,0,1156,shangdang|hold|||;zheng|move|shangcai||
s03,opening,yarrow,2,2,1,1,0,1229,shangdang|hold|||;zheng|move|shangcai||
s03,opening,yarrow,3,2,1,1,0,1420,shangdang|hold|||;zheng|move|shangcai||
s03,opening,yarrow,4,2,1,1,0,1160,shangdang|hold|||;zheng|move|shangcai||
s03,opening,yarrow,5,2,1,1,0,1399,shangdang|hold|||;zheng|move|shangcai||
s03,opening,yarrow,6,2,1,0,1,1714,shangdang|support|zheng|han|hold;zheng|hold|||
s03,opening,yarrow,7,2,1,1,0,1306,shangdang|hold|||;zheng|move|shangcai||
s04,opening,control,0,2,1,1,0,1156,taiyuan|hold|||;zheng|move|luoyang||
s04,opening,control,1,2,1,1,0,803,taiyuan|hold|||;zheng|move|luoyang||
s04,opening,control,2,2,1,1,0,873,taiyuan|hold|||;zheng|move|luoyang||
s04,opening,control,3,2,1,1,0,812,taiyuan|hold|||;zheng|move|luoyang||
s04,opening,control,4,2,1,1,0,859,taiyuan|hold|||;zheng|move|luoyang||
s04,opening,control,5,2,1,1,0,973,taiyuan|hold|||;zheng|move|luoyang||
s04,opening,control,6,2,1,1,0,963,taiyuan|hold|||;zheng|move|luoyang||
s04,opening,control,7,2,1,1,0,957,taiyuan|hold|||;zheng|move|luoyang||
s04,opening,tarot,0,2,1,1,0,1442,taiyuan|hold|||;zheng|move|luoyang||
s04,opening,tarot,1,2,1,1,0,1367,taiyuan|hold|||;zheng|move|luoyang||
s04,opening,tarot,2,2,1,1,0,1095,taiyuan|hold|||;zheng|move|luoyang||
s04,opening,tarot,3,2,1,1,0,1533,taiyuan|hold|||;zheng|move|luoyang||
s04,opening,tarot,4,2,1,1,0,1161,taiyuan|hold|||;zheng|move|luoyang||
s04,opening,tarot,5,2,1,1,0,1336,taiyuan|hold|||;zheng|move|luoyang||
s04,opening,tarot,6,2,1,1,0,1127,taiyuan|hold|||;zheng|move|luoyang||
s04,opening,tarot,7,2,1,1,0,1545,taiyuan|hold|||;zheng|move|luoyang||
s04,opening,yarrow,0,2,1,1,0,812,taiyuan|hold|||;zheng|move|luoyang||
s04,opening,yarrow,1,2,1,1,0,1032,taiyuan|hold|||;zheng|move|luoyang||
s04,opening,yarrow,2,2,1,1,0,1047,taiyuan|hold|||;zheng|move|luoyang||
s04,opening,yarrow,3,2,1,1,0,1282,taiyuan|hold|||;zheng|move|luoyang||
s04,opening,yarrow,4,2,1,1,0,869,taiyuan|hold|||;zheng|move|luoyang||
s04,opening,yarrow,5,2,1,1,0,1547,taiyuan|hold|||;zheng|move|luoyang||
s04,opening,yarrow,6,2,1,1,0,1280,taiyuan|hold|||;zheng|move|luoyang||
s04,opening,yarrow,7,2,1,1,0,1329,taiyuan|hold|||;zheng|move|luoyang||
s05,opening,control,0,2,1,1,0,841,shangdang|hold|||;zheng|move|luoyang||
s05,opening,control,1,2,1,1,0,1153,shangdang|hold|||;zheng|move|luoyang||
s05,opening,control,2,2,1,1,0,994,shangdang|hold|||;zheng|move|luoyang||
s05,opening,control,3,2,1,1,0,727,shangdang|hold|||;zheng|move|luoyang||
s05,opening,control,4,2,1,1,0,981,shangdang|hold|||;zheng|move|luoyang||
s05,opening,control,5,2,1,1,0,918,shangdang|hold|||;zheng|move|luoyang||
s05,opening,control,6,2,1,1,0,804,shangdang|hold|||;zheng|move|luoyang||
s05,opening,control,7,2,1,1,0,773,shangdang|hold|||;zheng|move|luoyang||
s05,opening,tarot,0,2,1,1,0,1651,shangdang|hold|||;zheng|move|luoyang||
s05,opening,tarot,1,2,1,1,0,1570,shangdang|hold|||;zheng|move|luoyang||
s05,opening,tarot,2,2,1,1,0,1497,shangdang|hold|||;zheng|move|luoyang||
s05,opening,tarot,3,2,1,1,0,1521,shangdang|hold|||;zheng|move|luoyang||
s05,opening,tarot,4,2,1,1,0,992,shangdang|hold|||;zheng|move|luoyang||
s05,opening,tarot,5,2,1,1,0,839,shangdang|hold|||;zheng|move|luoyang||
s05,opening,tarot,6,2,1,1,0,1170,shangdang|hold|||;zheng|move|luoyang||
s05,opening,tarot,7,2,1,1,0,1189,shangdang|hold|||;zheng|move|luoyang||
s05,opening,yarrow,0,2,1,1,0,1325,shangdang|hold|||;zheng|move|luoyang||
s05,opening,yarrow,1,2,1,1,0,1270,shangdang|hold|||;zheng|move|luoyang||
s05,opening,yarrow,2,2,1,1,0,1109,shangdang|hold|||;zheng|move|luoyang||
s05,opening,yarrow,3,2,1,1,0,1312,shangdang|hold|||;zheng|move|luoyang||
s05,opening,yarrow,4,2,1,1,0,1193,shangdang|hold|||;zheng|move|luoyang||
s05,opening,yarrow,5,2,1,1,0,1217,shangdang|hold|||;zheng|move|luoyang||
s05,opening,yarrow,6,2,1,1,0,1446,shangdang|hold|||;zheng|move|luoyang||
s05,opening,yarrow,7,2,1,1,0,1444,shangdang|hold|||;zheng|move|luoyang||
s06,opening,control,0,2,1,1,0,898,shangdang|hold|||;zheng|move|luoyang||
s06,opening,control,1,2,1,1,0,960,shangdang|hold|||;zheng|move|luoyang||
s06,opening,control,2,2,1,1,0,1048,shangdang|hold|||;zheng|move|luoyang||
s06,opening,control,3,2,1,1,0,886,shangdang|hold|||;zheng|move|luoyang||
s06,opening,control,4,2,1,1,0,1024,shangdang|hold|||;zheng|move|luoyang||
s06,opening,control,5,2,1,1,0,1118,shangdang|hold|||;zheng|move|luoyang||
s06,opening,control,6,2,1,1,0,1104,shangdang|hold|||;zheng|move|luoyang||
s06,opening,control,7,2,1,1,0,1321,shangdang|hold|||;zheng|move|luoyang||
s06,opening,tarot,0,2,1,1,0,1075,shangdang|hold|||;zheng|move|luoyang||
s06,opening,tarot,1,2,1,1,0,1215,shangdang|hold|||;zheng|move|luoyang||
s06,opening,tarot,2,2,1,1,0,1191,shangdang|hold|||;zheng|move|luoyang||
s06,opening,tarot,3,2,1,1,0,1275,shangdang|hold|||;zheng|move|luoyang||
s06,opening,tarot,4,2,1,1,0,1548,shangdang|hold|||;zheng|move|luoyang||
s06,opening,tarot,5,2,1,1,0,1267,shangdang|hold|||;zheng|move|luoyang||
s06,opening,tarot,6,2,1,1,0,1688,shangdang|hold|||;zheng|move|luoyang||
s06,opening,tarot,7,2,1,1,0,1042,shangdang|hold|||;zheng|move|luoyang||
s06,opening,yarrow,0,2,1,1,0,1519,shangdang|hold|||;zheng|move|luoyang||
s06,opening,yarrow,1,2,1,1,0,1253,shangdang|hold|||;zheng|move|luoyang||
s06,opening,yarrow,2,2,1,1,0,1207,shangdang|hold|||;zheng|move|luoyang||
s06,opening,yarrow,3,2,1,1,0,1086,shangdang|hold|||;zheng|move|luoyang||
s06,opening,yarrow,4,2,1,1,0,1324,shangdang|hold|||;zheng|move|luoyang||
s06,opening,yarrow,5,2,1,1,0,1322,shangdang|hold|||;zheng|move|luoyang||
s06,opening,yarrow,6,2,1,1,0,1657,shangdang|hold|||;zheng|move|luoyang||
s06,opening,yarrow,7,2,1,1,0,1225,shangdang|hold|||;zheng|move|luoyang||
s07,opening,control,0,2,1,1,0,1175,shangdang|hold|||;zheng|move|luoyang||
s07,opening,control,1,2,1,1,0,1093,shangdang|hold|||;zheng|move|luoyang||
s07,opening,control,2,2,1,1,0,1098,shangdang|hold|||;zheng|move|luoyang||
s07,opening,control,3,2,1,1,0,1151,shangdang|hold|||;zheng|move|luoyang||
s07,opening,control,4,2,1,1,0,1159,shangdang|hold|||;zheng|move|luoyang||
s07,opening,control,5,2,1,1,0,1035,shangdang|hold|||;zheng|move|luoyang||
s07,opening,control,6,2,1,1,0,1051,shangdang|hold|||;zheng|move|luoyang||
s07,opening,control,7,2,1,1,0,1064,shangdang|hold|||;zheng|move|luoyang||
s07,opening,tarot,0,2,1,1,0,1332,shangdang|hold|||;zheng|move|luoyang||
s07,opening,tarot,1,2,1,1,0,1623,shangdang|hold|||;zheng|move|luoyang||
s07,opening,tarot,2,2,1,1,0,1013,shangdang|hold|||;zheng|move|luoyang||
s07,opening,tarot,3,2,1,1,0,1269,shangdang|hold|||;zheng|move|luoyang||
s07,opening,tarot,4,2,1,1,0,1252,shangdang|hold|||;zheng|move|luoyang||
s07,opening,tarot,5,2,1,1,0,1173,shangdang|hold|||;zheng|move|luoyang||
s07,opening,tarot,6,2,0,2,0,1536,shangdang|move|taihang||;zheng|move|luoyang||
s07,opening,tarot,7,2,0,2,0,1230,shangdang|move|zheng||;zheng|move|luoyang||
s07,opening,yarrow,0,2,1,1,0,1506,shangdang|hold|||;zheng|move|luoyang||
s07,opening,yarrow,1,2,1,1,0,1202,shangdang|hold|||;zheng|move|luoyang||
s07,opening,yarrow,2,2,1,1,0,1157,shangdang|hold|||;zheng|move|luoyang||
s07,opening,yarrow,3,2,1,1,0,1207,shangdang|hold|||;zheng|move|luoyang||
s07,opening,yarrow,4,2,1,1,0,1567,shangdang|hold|||;zheng|move|luoyang||
s07,opening,yarrow,5,2,1,0,1,1492,shangdang|support|zheng|han|hold;zheng|hold|||
s07,opening,yarrow,6,2,1,1,0,1466,shangdang|hold|||;zheng|move|luoyang||
s07,opening,yarrow,7,2,1,1,0,1558,shangdang|hold|||;zheng|move|luoyang||
s08,opening,control,0,2,0,1,1,1112,taiyuan|move|shangdang||;zheng|support|shangdang|han|move
s08,opening,control,1,2,0,1,1,1417,taiyuan|move|shangdang||;zheng|support|shangdang|han|move
s08,opening,control,2,2,0,1,1,1114,taiyuan|support|shangdang|han|move;zheng|move|shangdang||
s08,opening,control,3,2,0,1,1,1299,taiyuan|move|shangdang||;zheng|support|shangdang|han|move
s08,opening,control,4,2,0,1,1,1313,taiyuan|move|shangdang||;zheng|support|shangdang|han|move
s08,opening,control,5,2,0,1,1,1019,taiyuan|move|shangdang||;zheng|support|shangdang|han|move
s08,opening,control,6,2,1,0,1,1017,taiyuan|support|shangdang|zhao|hold;zheng|hold|||
s08,opening,control,7,2,0,1,1,1294,taiyuan|support|shangdang|han|move;zheng|move|shangdang||
s08,opening,tarot,0,2,1,0,1,1344,taiyuan|support|shangdang|zhao|hold;zheng|hold|||
s08,opening,tarot,1,2,2,0,0,1281,taiyuan|hold|||;zheng|hold|||
s08,opening,tarot,2,2,1,0,1,1188,taiyuan|hold|||;zheng|support|luoyang|wei|hold
s08,opening,tarot,3,2,0,1,1,1839,taiyuan|move|shangdang||;zheng|support|shangdang|han|move
s08,opening,tarot,4,2,0,1,1,1361,taiyuan|move|shangdang||;zheng|support|shangdang|han|move
s08,opening,tarot,5,2,2,0,0,1716,taiyuan|hold|||;zheng|hold|||
s08,opening,tarot,6,2,0,1,1,1237,taiyuan|move|shangdang||;zheng|support|shangdang|han|move
s08,opening,tarot,7,2,0,1,1,1699,taiyuan|move|shangdang||;zheng|support|shangdang|han|move
s08,opening,yarrow,0,2,0,1,1,1554,taiyuan|support|shangdang|han|move;zheng|move|shangdang||
s08,opening,yarrow,1,2,0,1,1,1461,taiyuan|support|shangdang|han|move;zheng|move|shangdang||
s08,opening,yarrow,2,2,1,1,0,1227,taiyuan|move|shangdang||;zheng|hold|||
s08,opening,yarrow,3,2,0,1,1,1490,taiyuan|move|shangdang||;zheng|support|shangdang|han|move
s08,opening,yarrow,4,2,1,0,1,1230,taiyuan|hold|||;zheng|support|shangdang|zhao|hold
s08,opening,yarrow,5,2,0,1,1,1501,taiyuan|move|shangdang||;zheng|support|shangdang|han|move
s08,opening,yarrow,6,2,0,1,1,1381,taiyuan|move|shangdang||;zheng|support|shangdang|han|move
s08,opening,yarrow,7,2,0,1,1,1778,taiyuan|move|shangdang||;zheng|support|shangdang|han|move
s09,opening,control,0,2,1,1,0,961,shangdang|hold|||;zheng|move|luoyang||
s09,opening,control,1,2,1,1,0,1004,shangdang|hold|||;zheng|move|luoyang||
s09,opening,control,2,2,1,1,0,1025,shangdang|hold|||;zheng|move|luoyang||
s09,opening,control,3,2,1,1,0,592,shangdang|hold|||;zheng|move|luoyang||
s09,opening,control,4,2,1,1,0,1104,shangdang|hold|||;zheng|move|luoyang||
s09,opening,control,5,2,1,1,0,742,shangdang|hold|||;zheng|move|luoyang||
s09,opening,control,6,2,1,1,0,1195,shangdang|hold|||;zheng|move|luoyang||
s09,opening,control,7,2,1,1,0,1052,shangdang|hold|||;zheng|move|luoyang||
s09,opening,tarot,0,2,1,1,0,1518,shangdang|hold|||;zheng|move|luoyang||
s09,opening,tarot,1,2,1,1,0,1370,shangdang|hold|||;zheng|move|luoyang||
s09,opening,tarot,2,2,1,1,0,1193,shangdang|hold|||;zheng|move|luoyang||
s09,opening,tarot,3,2,1,1,0,1432,shangdang|hold|||;zheng|move|luoyang||
s09,opening,tarot,4,2,1,1,0,1770,shangdang|hold|||;zheng|move|luoyang||
s09,opening,tarot,5,2,1,1,0,1641,shangdang|hold|||;zheng|move|luoyang||
s09,opening,tarot,6,2,1,1,0,1174,shangdang|hold|||;zheng|move|luoyang||
s09,opening,tarot,7,2,1,1,0,1343,shangdang|hold|||;zheng|move|luoyang||
s09,opening,yarrow,0,2,1,1,0,1450,shangdang|hold|||;zheng|move|luoyang||
s09,opening,yarrow,1,2,1,1,0,1337,shangdang|hold|||;zheng|move|luoyang||
s09,opening,yarrow,2,2,1,1,0,834,shangdang|hold|||;zheng|move|luoyang||
s09,opening,yarrow,3,2,1,1,0,1294,shangdang|hold|||;zheng|move|luoyang||
s09,opening,yarrow,4,2,1,1,0,1096,shangdang|hold|||;zheng|move|luoyang||
s09,opening,yarrow,5,2,1,1,0,1287,shangdang|hold|||;zheng|move|luoyang||
s09,opening,yarrow,6,2,1,1,0,1402,shangdang|hold|||;zheng|move|luoyang||
s09,opening,yarrow,7,2,1,1,0,1242,shangdang|hold|||;zheng|move|luoyang||
s10,opening,control,0,2,1,1,0,843,shangdang|hold|||;zheng|move|luoyang||
s10,opening,control,1,2,1,1,0,987,shangdang|hold|||;zheng|move|luoyang||
s10,opening,control,2,2,1,1,0,998,shangdang|hold|||;zheng|move|luoyang||
s10,opening,control,3,2,1,1,0,960,shangdang|hold|||;zheng|move|luoyang||
s10,opening,control,4,2,1,1,0,938,shangdang|hold|||;zheng|move|luoyang||
s10,opening,control,5,2,1,1,0,893,shangdang|hold|||;zheng|move|luoyang||
s10,opening,control,6,2,1,1,0,1188,shangdang|hold|||;zheng|move|luoyang||
s10,opening,control,7,2,1,1,0,795,shangdang|hold|||;zheng|move|luoyang||
s10,opening,tarot,0,2,1,1,0,1401,shangdang|hold|||;zheng|move|luoyang||
s10,opening,tarot,1,2,1,1,0,1246,shangdang|hold|||;zheng|move|luoyang||
s10,opening,tarot,2,2,1,1,0,1567,shangdang|hold|||;zheng|move|luoyang||
s10,opening,tarot,3,2,1,1,0,1208,shangdang|hold|||;zheng|move|luoyang||
s10,opening,tarot,4,2,1,1,0,1445,shangdang|hold|||;zheng|move|luoyang||
s10,opening,tarot,5,2,1,1,0,1507,shangdang|hold|||;zheng|move|luoyang||
s10,opening,tarot,6,2,1,1,0,1378,shangdang|hold|||;zheng|move|luoyang||
s10,opening,tarot,7,2,1,1,0,1573,shangdang|hold|||;zheng|move|luoyang||
s10,opening,yarrow,0,2,1,1,0,1355,shangdang|hold|||;zheng|move|luoyang||
s10,opening,yarrow,1,2,1,1,0,1325,shangdang|hold|||;zheng|move|luoyang||
s10,opening,yarrow,2,2,1,1,0,1469,shangdang|hold|||;zheng|move|luoyang||
s10,opening,yarrow,3,2,1,1,0,964,shangdang|hold|||;zheng|move|luoyang||
s10,opening,yarrow,4,2,1,1,0,1038,shangdang|hold|||;zheng|move|luoyang||
s10,opening,yarrow,5,2,1,1,0,996,shangdang|hold|||;zheng|move|luoyang||
s10,opening,yarrow,6,2,1,1,0,1248,shangdang|hold|||;zheng|move|luoyang||
s10,opening,yarrow,7,2,1,1,0,1075,shangdang|hold|||;zheng|move|luoyang||
s11,opening,control,0,2,1,1,0,980,shangdang|hold|||;zheng|move|luoyang||
s11,opening,control,1,2,1,1,0,1031,shangdang|hold|||;zheng|move|luoyang||
s11,opening,control,2,2,1,1,0,1061,shangdang|hold|||;zheng|move|luoyang||
s11,opening,control,3,2,1,1,0,1032,shangdang|hold|||;zheng|move|luoyang||
s11,opening,control,4,2,1,1,0,846,shangdang|hold|||;zheng|move|shangcai||
s11,opening,control,5,2,1,1,0,1041,shangdang|hold|||;zheng|move|luoyang||
s11,opening,control,6,2,1,1,0,711,shangdang|hold|||;zheng|move|luoyang||
s11,opening,control,7,2,1,1,0,903,shangdang|hold|||;zheng|move|shangcai||
s11,opening,tarot,0,2,1,1,0,1204,shangdang|hold|||;zheng|move|luoyang||
s11,opening,tarot,1,2,1,1,0,1337,shangdang|hold|||;zheng|move|luoyang||
s11,opening,tarot,2,2,1,1,0,1522,shangdang|hold|||;zheng|move|luoyang||
s11,opening,tarot,3,2,1,1,0,1704,shangdang|hold|||;zheng|move|luoyang||
s11,opening,tarot,4,2,1,1,0,946,shangdang|hold|||;zheng|move|luoyang||
s11,opening,tarot,5,2,1,1,0,972,shangdang|hold|||;zheng|move|luoyang||
s11,opening,tarot,6,2,1,1,0,1524,shangdang|hold|||;zheng|move|luoyang||
s11,opening,tarot,7,2,1,1,0,1426,shangdang|hold|||;zheng|move|luoyang||
s11,opening,yarrow,0,2,1,1,0,1304,shangdang|hold|||;zheng|move|luoyang||
s11,opening,yarrow,1,2,1,1,0,1312,shangdang|hold|||;zheng|move|luoyang||
s11,opening,yarrow,2,2,1,1,0,1135,shangdang|hold|||;zheng|move|luoyang||
s11,opening,yarrow,3,2,1,1,0,1499,shangdang|hold|||;zheng|move|luoyang||
s11,opening,yarrow,4,2,1,1,0,1332,shangdang|hold|||;zheng|move|luoyang||
s11,opening,yarrow,5,2,1,1,0,1369,shangdang|hold|||;zheng|move|shangcai||
s11,opening,yarrow,6,2,1,1,0,1133,shangdang|hold|||;zheng|move|luoyang||
s11,opening,yarrow,7,2,1,1,0,1184,shangdang|hold|||;zheng|move|luoyang||
s12,opening,control,0,3,2,0,1,1091,shangcai|support|zheng|han|hold;shangdang|hold|||;zheng|hold|||
s12,opening,control,1,3,2,0,1,1049,shangcai|support|zheng|han|hold;shangdang|hold|||;zheng|hold|||
s12,opening,control,2,3,1,1,1,954,shangcai|move|wuguan_pass||;shangdang|support|zheng|han|hold;zheng|hold|||
s12,opening,control,3,3,2,0,1,1003,shangcai|support|zheng|han|hold;shangdang|hold|||;zheng|hold|||
s12,opening,control,4,3,2,0,1,1060,shangcai|support|zheng|han|hold;shangdang|hold|||;zheng|hold|||
s12,opening,control,5,3,2,0,1,1158,shangcai|support|zheng|han|hold;shangdang|hold|||;zheng|hold|||
s12,opening,control,6,3,1,1,1,1143,shangcai|support|zheng|han|hold;shangdang|move|zhongtiao||;zheng|hold|||
s12,opening,control,7,3,2,0,1,1336,shangcai|hold|||;shangdang|support|zheng|han|hold;zheng|hold|||
s12,opening,tarot,0,3,2,0,1,2090,shangcai|hold|||;shangdang|support|zheng|han|hold;zheng|hold|||
s12,opening,tarot,1,3,1,0,2,1832,shangcai|support|zheng|han|hold;shangdang|support|zheng|han|hold;zheng|hold|||
s12,opening,tarot,2,3,2,0,1,1180,shangcai|support|zheng|han|hold;shangdang|hold|||;zheng|hold|||
s12,opening,tarot,3,3,1,0,2,1367,shangcai|support|zheng|han|hold;shangdang|support|zheng|han|hold;zheng|hold|||
s12,opening,tarot,4,3,2,0,1,1521,shangcai|support|zheng|han|hold;shangdang|hold|||;zheng|hold|||
s12,opening,tarot,5,3,1,1,1,1661,shangcai|support|zheng|han|hold;shangdang|move|zhongtiao||;zheng|hold|||
s12,opening,tarot,6,3,1,1,1,1301,shangcai|move|wuguan_pass||;shangdang|support|zheng|han|hold;zheng|hold|||
s12,opening,tarot,7,3,2,0,1,1916,shangcai|hold|||;shangdang|support|zheng|han|hold;zheng|hold|||
s12,opening,yarrow,0,3,1,1,1,1400,shangcai|support|zheng|han|hold;shangdang|move|zhongtiao||;zheng|hold|||
s12,opening,yarrow,1,3,2,0,1,1652,shangcai|support|zheng|han|hold;shangdang|hold|||;zheng|hold|||
s12,opening,yarrow,2,3,1,1,1,1587,shangcai|support|zheng|han|hold;shangdang|move|zhongtiao||;zheng|hold|||
s12,opening,yarrow,3,3,2,0,1,1680,shangcai|support|zheng|han|hold;shangdang|hold|||;zheng|hold|||
s12,opening,yarrow,4,3,2,0,1,2231,shangcai|support|zheng|han|hold;shangdang|hold|||;zheng|hold|||
s12,opening,yarrow,5,3,1,1,1,1843,shangcai|move|wuguan_pass||;shangdang|support|zheng|han|hold;zheng|hold|||
s12,opening,yarrow,6,3,1,1,1,1214,shangcai|support|zheng|han|hold;shangdang|move|zhongtiao||;zheng|hold|||
s12,opening,yarrow,7,3,2,0,1,1683,shangcai|hold|||;shangdang|support|zheng|han|hold;zheng|hold|||
s13,opening,control,0,2,1,1,0,1079,shangdang|hold|||;zheng|move|luoyang||
s13,opening,control,1,2,1,1,0,821,shangdang|hold|||;zheng|move|luoyang||
s13,opening,control,2,2,1,1,0,797,shangdang|hold|||;zheng|move|luoyang||
s13,opening,control,3,2,1,1,0,972,shangdang|hold|||;zheng|move|luoyang||
s13,opening,control,4,2,1,1,0,923,shangdang|hold|||;zheng|move|luoyang||
s13,opening,control,5,2,1,1,0,910,shangdang|hold|||;zheng|move|luoyang||
s13,opening,control,6,2,1,1,0,995,shangdang|hold|||;zheng|move|luoyang||
s13,opening,control,7,2,1,1,0,838,shangdang|hold|||;zheng|move|luoyang||
s13,opening,tarot,0,2,1,1,0,1188,shangdang|hold|||;zheng|move|luoyang||
s13,opening,tarot,1,2,1,1,0,1460,shangdang|hold|||;zheng|move|luoyang||
s13,opening,tarot,2,2,1,1,0,1259,shangdang|hold|||;zheng|move|luoyang||
s13,opening,tarot,3,2,1,1,0,1513,shangdang|hold|||;zheng|move|luoyang||
s13,opening,tarot,4,2,1,1,0,855,shangdang|hold|||;zheng|move|luoyang||
s13,opening,tarot,5,2,1,1,0,1569,shangdang|hold|||;zheng|move|luoyang||
s13,opening,tarot,6,2,1,1,0,815,shangdang|hold|||;zheng|move|luoyang||
s13,opening,tarot,7,2,1,1,0,1268,shangdang|hold|||;zheng|move|luoyang||
s13,opening,yarrow,0,2,1,1,0,1182,shangdang|hold|||;zheng|move|luoyang||
s13,opening,yarrow,1,2,1,1,0,1380,shangdang|hold|||;zheng|move|luoyang||
s13,opening,yarrow,2,2,1,1,0,1156,shangdang|hold|||;zheng|move|luoyang||
s13,opening,yarrow,3,2,1,1,0,1313,shangdang|hold|||;zheng|move|luoyang||
s13,opening,yarrow,4,2,1,1,0,1121,shangdang|hold|||;zheng|move|luoyang||
s13,opening,yarrow,5,2,1,1,0,1435,shangdang|hold|||;zheng|move|luoyang||
s13,opening,yarrow,6,2,1,1,0,1074,shangdang|hold|||;zheng|move|luoyang||
s13,opening,yarrow,7,2,1,1,0,1210,shangdang|hold|||;zheng|move|luoyang||
s14,midgame,control,0,2,1,0,1,867,shangdang|support|zheng|han|hold;zheng|hold|||
s14,midgame,control,1,2,1,0,1,1363,shangdang|support|zheng|han|hold;zheng|hold|||
s14,midgame,control,2,2,1,0,1,1326,shangdang|support|zheng|han|hold;zheng|hold|||
s14,midgame,control,3,2,1,0,1,1199,shangdang|support|zheng|han|hold;zheng|hold|||
s14,midgame,control,4,2,1,0,1,1137,shangdang|hold|||;zheng|support|shangdang|han|hold
s14,midgame,control,5,2,1,0,1,1180,shangdang|support|zheng|han|hold;zheng|hold|||
s14,midgame,control,6,2,1,0,1,1044,shangdang|support|zheng|han|hold;zheng|hold|||
s14,midgame,control,7,2,1,0,1,1101,shangdang|support|zheng|han|hold;zheng|hold|||
s14,midgame,tarot,0,2,1,0,1,1728,shangdang|support|zheng|han|hold;zheng|hold|||
s14,midgame,tarot,1,2,1,0,1,1480,shangdang|support|zheng|han|hold;zheng|hold|||
s14,midgame,tarot,2,2,1,0,1,1563,shangdang|support|zheng|han|hold;zheng|hold|||
s14,midgame,tarot,3,2,1,0,1,1587,shangdang|support|zheng|han|hold;zheng|hold|||
s14,midgame,tarot,4,2,1,0,1,1657,shangdang|support|zheng|han|hold;zheng|hold|||
s14,midgame,tarot,5,2,1,0,1,1546,shangdang|support|zheng|han|hold;zheng|hold|||
s14,midgame,tarot,6,2,1,0,1,1356,shangdang|support|zheng|han|hold;zheng|hold|||
s14,midgame,tarot,7,2,1,0,1,1233,shangdang|support|zheng|han|hold;zheng|hold|||
s14,midgame,yarrow,0,2,1,0,1,1766,shangdang|support|zheng|han|hold;zheng|hold|||
s14,midgame,yarrow,1,2,0,0,2,1665,shangdang|support|zheng|han|hold;zheng|support|shangdang|han|hold
s14,midgame,yarrow,2,2,1,0,1,1504,shangdang|support|zheng|han|hold;zheng|hold|||
s14,midgame,yarrow,3,2,2,0,0,1378,shangdang|hold|||;zheng|hold|||
s14,midgame,yarrow,4,2,1,0,1,1448,shangdang|support|zheng|han|hold;zheng|hold|||
s14,midgame,yarrow,5,2,1,0,1,1278,shangdang|support|zheng|han|hold;zheng|hold|||
s14,midgame,yarrow,6,2,1,0,1,1798,shangdang|support|zheng|han|hold;zheng|hold|||
s14,midgame,yarrow,7,2,1,0,1,1707,shangdang|support|zheng|han|hold;zheng|hold|||
s15,midgame,control,0,2,1,0,1,1122,shangcai|support|zheng|han|hold;zheng|hold|||
s15,midgame,control,1,2,1,0,1,962,shangcai|support|zheng|han|hold;zheng|hold|||
s15,midgame,control,2,2,1,0,1,1012,shangcai|support|zheng|han|hold;zheng|hold|||
s15,midgame,control,3,2,1,0,1,1129,shangcai|support|zheng|han|hold;zheng|hold|||
s15,midgame,control,4,2,2,0,0,920,shangcai|hold|||;zheng|hold|||
s15,midgame,control,5,2,1,0,1,1206,shangcai|support|zheng|han|hold;zheng|hold|||
s15,midgame,control,6,2,1,0,1,1109,shangcai|support|zheng|han|hold;zheng|hold|||
s15,midgame,control,7,2,1,0,1,1008,shangcai|support|zheng|han|hold;zheng|hold|||
s15,midgame,tarot,0,2,1,0,1,1793,shangcai|support|zheng|han|hold;zheng|hold|||
s15,midgame,tarot,1,2,1,0,1,1825,shangcai|support|zheng|han|hold;zheng|hold|||
s15,midgame,tarot,2,2,1,0,1,1591,shangcai|support|zheng|han|hold;zheng|hold|||
s15,midgame,tarot,3,2,1,0,1,1633,shangcai|support|zheng|han|hold;zheng|hold|||
s15,midgame,tarot,4,2,1,0,1,1856,shangcai|support|zheng|han|hold;zheng|hold|||
s15,midgame,tarot,5,2,1,1,0,1426,shangcai|hold|||;zheng|move|luoyang||
s15,midgame,tarot,6,2,1,0,1,1494,shangcai|support|zheng|han|hold;zheng|hold|||
s15,midgame,tarot,7,2,1,0,1,1496,shangcai|support|zheng|han|hold;zheng|hold|||
s15,midgame,yarrow,0,2,1,0,1,1364,shangcai|support|zheng|han|hold;zheng|hold|||
s15,midgame,yarrow,1,2,1,0,1,1108,shangcai|support|zheng|han|hold;zheng|hold|||
s15,midgame,yarrow,2,2,1,0,1,1860,shangcai|support|zheng|han|hold;zheng|hold|||
s15,midgame,yarrow,3,2,1,0,1,1447,shangcai|support|zheng|han|hold;zheng|hold|||
s15,midgame,yarrow,4,2,1,0,1,1434,shangcai|support|zheng|han|hold;zheng|hold|||
s15,midgame,yarrow,5,2,1,0,1,1394,shangcai|support|zheng|han|hold;zheng|hold|||
s15,midgame,yarrow,6,2,1,0,1,1487,shangcai|support|zheng|han|hold;zheng|hold|||
s15,midgame,yarrow,7,2,1,0,1,1441,shangcai|support|zheng|han|hold;zheng|hold|||
s16,midgame,control,0,2,0,1,1,1355,luoyang|move|zheng||;shangdang|support|zheng|han|move
s16,midgame,control,1,2,0,1,1,796,luoyang|support|zheng|han|move;shangdang|move|zheng||
s16,midgame,control,2,2,0,1,1,1513,luoyang|support|zheng|han|move;shangdang|move|zheng||
s16,midgame,control,3,2,0,1,1,1049,luoyang|support|zheng|han|move;shangdang|move|zheng||
s16,midgame,control,4,2,0,1,1,1032,luoyang|move|zheng||;shangdang|support|zheng|han|move
s16,midgame,control,5,2,0,1,1,1431,luoyang|support|zheng|han|move;shangdang|move|zheng||
s16,midgame,control,6,2,0,1,1,1700,luoyang|move|zheng||;shangdang|support|zheng|han|move
s16,midgame,control,7,2,0,1,1,739,luoyang|support|zheng|han|move;shangdang|move|zheng||
s16,midgame,tarot,0,2,2,0,0,1207,luoyang|hold|||;shangdang|hold|||
s16,midgame,tarot,1,2,1,0,1,2406,luoyang|hold|||;shangdang|support|luoyang|han|hold
s16,midgame,tarot,2,2,0,1,1,1667,luoyang|move|zheng||;shangdang|support|zheng|han|move
s16,midgame,tarot,3,2,2,0,0,1160,luoyang|hold|||;shangdang|hold|||
s16,midgame,tarot,4,2,0,1,1,1885,luoyang|move|zheng||;shangdang|support|zheng|han|move
s16,midgame,tarot,5,2,2,0,0,1703,luoyang|hold|||;shangdang|hold|||
s16,midgame,tarot,6,2,1,0,1,1291,luoyang|hold|||;shangdang|support|henei|wei|hold
s16,midgame,tarot,7,2,1,0,1,964,luoyang|hold|||;shangdang|support|henei|wei|hold
s16,midgame,yarrow,0,2,0,1,1,1408,luoyang|move|zheng||;shangdang|support|zheng|han|move
s16,midgame,yarrow,1,2,2,0,0,1551,luoyang|hold|||;shangdang|hold|||
s16,midgame,yarrow,2,2,2,0,0,1254,luoyang|hold|||;shangdang|hold|||
s16,midgame,yarrow,3,2,0,1,1,1320,luoyang|move|zheng||;shangdang|support|zheng|han|move
s16,midgame,yarrow,4,2,0,1,1,1647,luoyang|move|zheng||;shangdang|support|zheng|han|move
s16,midgame,yarrow,5,2,1,0,1,1047,luoyang|hold|||;shangdang|support|henei|wei|hold
s16,midgame,yarrow,6,2,0,1,1,1420,luoyang|move|zheng||;shangdang|support|zheng|han|move
s16,midgame,yarrow,7,2,1,0,1,1572,luoyang|hold|||;shangdang|support|luoyang|han|hold
s17,midgame,control,0,3,1,1,1,1510,luoyang|move|daliang||;shangdang|hold|||;zheng|support|daliang|han|move
s17,midgame,control,1,3,1,1,1,2075,luoyang|move|daliang||;shangdang|hold|||;zheng|support|daliang|han|move
s17,midgame,control,2,3,1,1,1,1484,luoyang|move|daliang||;shangdang|hold|||;zheng|support|daliang|han|move
s17,midgame,control,3,3,1,1,1,1247,luoyang|move|daliang||;shangdang|hold|||;zheng|support|daliang|han|move
s17,midgame,control,4,3,1,1,1,1375,luoyang|move|daliang||;shangdang|hold|||;zheng|support|daliang|han|move
s17,midgame,control,5,3,2,0,1,1283,luoyang|hold|||;shangdang|hold|||;zheng|support|shangdang|han|hold
s17,midgame,control,6,3,1,1,1,1087,luoyang|move|daliang||;shangdang|hold|||;zheng|support|daliang|han|move
s17,midgame,control,7,3,1,1,1,1167,luoyang|hold|||;shangdang|move|henei||;zheng|support|henei|han|move
s17,midgame,tarot,0,3,1,1,1,1635,luoyang|move|daliang||;shangdang|hold|||;zheng|support|daliang|han|move
s17,midgame,tarot,1,3,2,0,1,1085,luoyang|hold|||;shangdang|hold|||;zheng|support|shangdang|han|hold
s17,midgame,tarot,2,3,2,0,1,1906,luoyang|support|zheng|han|hold;shangdang|hold|||;zheng|hold|||
s17,midgame,tarot,3,3,2,0,1,1895,luoyang|hold|||;shangdang|support|zheng|han|hold;zheng|hold|||
s17,midgame,tarot,4,3,2,0,1,1574,luoyang|hold|||;shangdang|support|zheng|han|hold;zheng|hold|||
s17,midgame,tarot,5,3,2,0,1,1480,luoyang|support|zheng|han|hold;shangdang|hold|||;zheng|hold|||
s17,midgame,tarot,6,3,1,1,1,1511,luoyang|move|daliang||;shangdang|hold|||;zheng|support|daliang|han|move
s17,midgame,tarot,7,3,1,1,1,1267,luoyang|hold|||;shangdang|move|henei||;zheng|support|henei|han|move
s17,midgame,yarrow,0,3,1,1,1,1376,luoyang|move|daliang||;shangdang|hold|||;zheng|support|daliang|han|move
s17,midgame,yarrow,1,3,1,1,1,1617,luoyang|hold|||;shangdang|move|henei||;zheng|support|henei|han|move
s17,midgame,yarrow,2,3,1,1,1,1318,luoyang|move|daliang||;shangdang|hold|||;zheng|support|daliang|han|move
s17,midgame,yarrow,3,3,1,1,1,1311,luoyang|hold|||;shangdang|move|henei||;zheng|support|henei|han|move
s17,midgame,yarrow,4,3,1,1,1,1643,luoyang|move|daliang||;shangdang|hold|||;zheng|support|daliang|han|move
s17,midgame,yarrow,5,3,1,1,1,1541,luoyang|support|daliang|han|move;shangdang|hold|||;zheng|move|daliang||
s17,midgame,yarrow,6,3,1,1,1,1800,luoyang|move|daliang||;shangdang|hold|||;zheng|support|daliang|han|move
s17,midgame,yarrow,7,3,2,0,1,1583,luoyang|hold|||;shangdang|hold|||;zheng|support|shangdang|han|hold
s18,midgame,control,0,1,1,0,0,729,shangdang|hold|||
s18,midgame,control,1,1,1,0,0,674,shangdang|hold|||
s18,midgame,control,2,1,0,0,1,970,shangdang|support|henei|chu|hold
s18,midgame,control,3,1,1,0,0,701,shangdang|hold|||
s18,midgame,control,4,1,1,0,0,732,shangdang|hold|||
s18,midgame,control,5,1,0,0,1,863,shangdang|support|henei|zhao|move
s18,midgame,control,6,1,1,0,0,887,shangdang|hold|||
s18,midgame,control,7,1,1,0,0,879,shangdang|hold|||
s18,midgame,tarot,0,1,0,0,1,1463,shangdang|support|henei|chu|hold
s18,midgame,tarot,1,1,1,0,0,813,shangdang|hold|||
s18,midgame,tarot,2,1,1,0,0,1230,shangdang|hold|||
s18,midgame,tarot,3,1,1,0,0,1323,shangdang|hold|||
s18,midgame,tarot,4,1,1,0,0,1167,shangdang|hold|||
s18,midgame,tarot,5,1,1,0,0,1057,shangdang|hold|||
s18,midgame,tarot,6,1,1,0,0,1144,shangdang|hold|||
s18,midgame,tarot,7,1,0,1,0,1124,shangdang|move|handan||
s18,midgame,yarrow,0,1,0,1,0,869,shangdang|move|handan||
s18,midgame,yarrow,1,1,1,0,0,930,shangdang|hold|||
s18,midgame,yarrow,2,1,0,0,1,1267,shangdang|support|henei|chu|hold
s18,midgame,yarrow,3,1,1,0,0,1081,shangdang|hold|||
s18,midgame,yarrow,4,1,0,0,1,1047,shangdang|support|taiyuan|zhao|hold
s18,midgame,yarrow,5,1,1,0,0,1135,shangdang|hold|||
s18,midgame,yarrow,6,1,0,0,1,1103,shangdang|support|henei|chu|hold
s18,midgame,yarrow,7,1,1,0,0,1109,shangdang|hold|||
s19,midgame,control,0,2,1,0,1,1267,shangdang|hold|||;zheng|support|shangdang|han|hold
s19,midgame,control,1,2,1,0,1,1362,shangdang|support|zheng|han|hold;zheng|hold|||
s19,midgame,control,2,2,1,0,1,957,shangdang|hold|||;zheng|support|shangdang|han|hold
s19,midgame,control,3,2,1,0,1,806,shangdang|hold|||;zheng|support|shangdang|han|hold
s19,midgame,control,4,2,1,0,1,1226,shangdang|hold|||;zheng|support|shangdang|han|hold
s19,midgame,control,5,2,1,0,1,1229,shangdang|hold|||;zheng|support|shangdang|han|hold
s19,midgame,control,6,2,1,0,1,1195,shangdang|support|zheng|han|hold;zheng|hold|||
s19,midgame,control,7,2,1,0,1,1110,shangdang|support|zheng|han|hold;zheng|hold|||
s19,midgame,tarot,0,2,1,0,1,1750,shangdang|support|zheng|han|hold;zheng|hold|||
s19,midgame,tarot,1,2,1,0,1,1311,shangdang|hold|||;zheng|support|shangdang|han|hold
s19,midgame,tarot,2,2,1,0,1,1713,shangdang|hold|||;zheng|support|shangdang|han|hold
s19,midgame,tarot,3,2,0,1,1,1644,shangdang|move|henei||;zheng|support|henei|han|move
s19,midgame,tarot,4,2,1,0,1,1524,shangdang|hold|||;zheng|support|shangdang|han|hold
s19,midgame,tarot,5,2,1,0,1,1851,shangdang|hold|||;zheng|support|shangdang|han|hold
s19,midgame,tarot,6,2,1,1,0,1120,shangdang|move|henei||;zheng|hold|||
s19,midgame,tarot,7,2,0,1,1,1408,shangdang|move|henei||;zheng|support|henei|han|move
s19,midgame,yarrow,0,2,0,1,1,1759,shangdang|move|henei||;zheng|support|henei|han|move
s19,midgame,yarrow,1,2,1,0,1,1951,shangdang|hold|||;zheng|support|shangdang|han|hold
s19,midgame,yarrow,2,2,1,0,1,1375,shangdang|support|zheng|han|hold;zheng|hold|||
s19,midgame,yarrow,3,2,1,0,1,1324,shangdang|support|zheng|han|hold;zheng|hold|||
s19,midgame,yarrow,4,2,1,0,1,1805,shangdang|hold|||;zheng|support|shangdang|han|hold
s19,midgame,yarrow,5,2,1,0,1,1465,shangdang|support|zheng|han|hold;zheng|hold|||
s19,midgame,yarrow,6,2,1,0,1,1882,shangdang|hold|||;zheng|support|shangdang|han|hold
s19,midgame,yarrow,7,2,1,0,1,1514,shangdang|support|zheng|han|hold;zheng|hold|||
s20,midgame,control,0,1,0,1,0,908,zheng|move|shangcai||
s20,midgame,control,1,1,0,1,0,708,zheng|move|shangcai||
s20,midgame,control,2,1,0,1,0,762,zheng|move|shangcai||
s20,midgame,control,3,1,0,1,0,738,zheng|move|shangcai||
s20,midgame,control,4,1,0,1,0,931,zheng|move|shangcai||
s20,midgame,control,5,1,0,1,0,1047,zheng|move|shangcai||
s20,midgame,control,6,1,0,1,0,768,zheng|move|shangcai||
s20,midgame,control,7,1,0,1,0,811,zheng|move|shangcai||
s20,midgame,tarot,0,1,0,1,0,1317,zheng|move|shangcai||
s20,midgame,tarot,1,1,0,1,0,1027,zheng|move|shangcai||
s20,midgame,tarot,2,1,0,1,0,1236,zheng|move|luoyang||
s20,midgame,tarot,3,1,0,1,0,1372,zheng|move|shangcai||
s20,midgame,tarot,4,1,0,1,0,1456,zheng|move|shangcai||
s20,midgame,tarot,5,1,0,1,0,728,zheng|move|shangcai||
s20,midgame,tarot,6,1,0,1,0,1219,zheng|move|shangcai||
s20,midgame,tarot,7,1,0,1,0,1241,zheng|move|luoyang||
s20,midgame,yarrow,0,1,0,1,0,769,zheng|move|shangcai||
s20,midgame,yarrow,1,1,0,1,0,1199,zheng|move|luoyang||
s20,midgame,yarrow,2,1,0,1,0,1338,zheng|move|shangcai||
s20,midgame,yarrow,3,1,0,1,0,1388,zheng|move|luoyang||
s20,midgame,yarrow,4,1,0,1,0,1324,zheng|move|luoyang||
s20,midgame,yarrow,5,1,0,1,0,1132,zheng|move|shangcai||
s20,midgame,yarrow,6,1,0,1,0,1341,zheng|move|luoyang||
s20,midgame,yarrow,7,1,0,1,0,1014,zheng|move|shangcai||
s21,midgame,control,0,2,1,1,0,969,shangcai|hold|||;zheng|move|luoyang||
s21,midgame,control,1,2,1,1,0,860,shangcai|hold|||;zheng|move|luoyang||
s21,midgame,control,2,2,1,1,0,939,shangcai|hold|||;zheng|move|luoyang||
s21,midgame,control,3,2,1,1,0,1011,shangcai|hold|||;zheng|move|luoyang||
s21,midgame,control,4,2,1,1,0,936,shangcai|hold|||;zheng|move|luoyang||
s21,midgame,control,5,2,1,1,0,786,shangcai|hold|||;zheng|move|luoyang||
s21,midgame,control,6,2,1,1,0,1119,shangcai|hold|||;zheng|move|luoyang||
s21,midgame,control,7,2,1,1,0,861,shangcai|hold|||;zheng|move|luoyang||
s21,midgame,tarot,0,2,1,1,0,1032,shangcai|hold|||;zheng|move|luoyang||
s21,midgame,tarot,1,2,1,1,0,1338,shangcai|hold|||;zheng|move|luoyang||
s21,midgame,tarot,2,2,1,1,0,1485,shangcai|hold|||;zheng|move|luoyang||
s21,midgame,tarot,3,2,1,1,0,1388,shangcai|hold|||;zheng|move|luoyang||
s21,midgame,tarot,4,2,1,1,0,1394,shangcai|hold|||;zheng|move|luoyang||
s21,midgame,tarot,5,2,1,1,0,1171,shangcai|hold|||;zheng|move|luoyang||
s21,midgame,tarot,6,2,1,1,0,1143,shangcai|hold|||;zheng|move|luoyang||
s21,midgame,tarot,7,2,1,1,0,1190,shangcai|hold|||;zheng|move|luoyang||
s21,midgame,yarrow,0,2,1,1,0,1270,shangcai|hold|||;zheng|move|luoyang||
s21,midgame,yarrow,1,2,1,1,0,1548,shangcai|hold|||;zheng|move|luoyang||
s21,midgame,yarrow,2,2,1,1,0,1597,shangcai|hold|||;zheng|move|luoyang||
s21,midgame,yarrow,3,2,1,1,0,1457,shangcai|hold|||;zheng|move|luoyang||
s21,midgame,yarrow,4,2,1,1,0,1508,shangcai|hold|||;zheng|move|luoyang||
s21,midgame,yarrow,5,2,1,1,0,1311,shangcai|hold|||;zheng|move|luoyang||
s21,midgame,yarrow,6,2,1,1,0,1156,shangcai|hold|||;zheng|move|luoyang||
s21,midgame,yarrow,7,2,1,1,0,1475,shangcai|hold|||;zheng|move|luoyang||
s22,midgame,control,0,2,1,0,1,1563,shangdang|support|zheng|han|hold;zheng|hold|||
s22,midgame,control,1,2,1,0,1,934,shangdang|support|zheng|han|hold;zheng|hold|||
s22,midgame,control,2,2,1,0,1,916,shangdang|hold|||;zheng|support|shangdang|han|hold
s22,midgame,control,3,2,0,0,2,893,shangdang|support|zheng|han|hold;zheng|support|shangdang|han|hold
s22,midgame,control,4,2,1,0,1,1075,shangdang|support|zheng|han|hold;zheng|hold|||
s22,midgame,control,5,2,0,0,2,1020,shangdang|support|zheng|han|hold;zheng|support|shangdang|han|hold
s22,midgame,control,6,2,1,0,1,1164,shangdang|support|zheng|han|hold;zheng|hold|||
s22,midgame,control,7,2,1,0,1,1089,shangdang|support|zheng|han|hold;zheng|hold|||
s22,midgame,tarot,0,2,0,0,2,1520,shangdang|support|zheng|han|hold;zheng|support|shangdang|han|hold
s22,midgame,tarot,1,2,1,0,1,1448,shangdang|support|zheng|han|hold;zheng|hold|||
s22,midgame,tarot,2,2,1,0,1,1517,shangdang|support|zheng|han|hold;zheng|hold|||
s22,midgame,tarot,3,2,1,1,0,1621,shangdang|hold|||;zheng|move|luoyang||
s22,midgame,tarot,4,2,1,0,1,1534,shangdang|support|zheng|han|hold;zheng|hold|||
s22,midgame,tarot,5,2,1,0,1,1424,shangdang|support|zheng|han|hold;zheng|hold|||
s22,midgame,tarot,6,2,1,0,1,1329,shangdang|support|zheng|han|hold;zheng|hold|||
s22,midgame,tarot,7,2,1,0,1,1585,shangdang|hold|||;zheng|support|yewang|wei|hold
s22,midgame,yarrow,0,2,1,0,1,1550,shangdang|support|zheng|han|hold;zheng|hold|||
s22,midgame,yarrow,1,2,2,0,0,1492,shangdang|hold|||;zheng|hold|||
s22,midgame,yarrow,2,2,1,0,1,1625,shangdang|support|zheng|han|hold;zheng|hold|||
s22,midgame,yarrow,3,2,1,0,1,1519,shangdang|support|zheng|han|hold;zheng|hold|||
s22,midgame,yarrow,4,2,1,0,1,1484,shangdang|support|zheng|han|hold;zheng|hold|||
s22,midgame,yarrow,5,2,1,0,1,1554,shangdang|support|zheng|han|hold;zheng|hold|||
s22,midgame,yarrow,6,2,1,0,1,1607,shangdang|support|zheng|han|hold;zheng|hold|||
s22,midgame,yarrow,7,2,1,0,1,1662,shangdang|support|zheng|han|hold;zheng|hold|||
s23,midgame,control,0,2,1,0,1,1083,shangdang|support|zheng|han|hold;zheng|hold|||
s23,midgame,control,1,2,1,0,1,1256,shangdang|support|zheng|han|hold;zheng|hold|||
s23,midgame,control,2,2,1,0,1,821,shangdang|support|zheng|han|hold;zheng|hold|||
s23,midgame,control,3,2,1,0,1,1023,shangdang|support|zheng|han|hold;zheng|hold|||
s23,midgame,control,4,2,1,0,1,1113,shangdang|support|zheng|han|hold;zheng|hold|||
s23,midgame,control,5,2,1,0,1,1192,shangdang|support|zheng|han|hold;zheng|hold|||
s23,midgame,control,6,2,1,0,1,794,shangdang|support|zheng|han|hold;zheng|hold|||
s23,midgame,control,7,2,1,0,1,1244,shangdang|support|zheng|han|hold;zheng|hold|||
s23,midgame,tarot,0,2,1,0,1,1845,shangdang|support|zheng|han|hold;zheng|hold|||
s23,midgame,tarot,1,2,1,1,0,1456,shangdang|hold|||;zheng|move|yewang||
s23,midgame,tarot,2,2,1,0,1,1243,shangdang|support|zheng|han|hold;zheng|hold|||
s23,midgame,tarot,3,2,1,0,1,1565,shangdang|support|zheng|han|hold;zheng|hold|||
s23,midgame,tarot,4,2,1,1,0,1278,shangdang|hold|||;zheng|move|yewang||
s23,midgame,tarot,5,2,1,0,1,1710,shangdang|hold|||;zheng|support|yewang|wei|hold
s23,midgame,tarot,6,2,1,0,1,1472,shangdang|support|zheng|han|hold;zheng|hold|||
s23,midgame,tarot,7,2,1,0,1,1382,shangdang|support|zheng|han|hold;zheng|hold|||
s23,midgame,yarrow,0,2,1,0,1,1587,shangdang|support|zheng|han|hold;zheng|hold|||
s23,midgame,yarrow,1,2,1,0,1,1650,shangdang|support|zheng|han|hold;zheng|hold|||
s23,midgame,yarrow,2,2,1,0,1,1528,shangdang|support|zheng|han|hold;zheng|hold|||
s23,midgame,yarrow,3,2,1,0,1,1523,shangdang|support|zheng|han|hold;zheng|hold|||
s23,midgame,yarrow,4,2,1,0,1,1602,shangdang|support|zheng|han|hold;zheng|hold|||
s23,midgame,yarrow,5,2,1,0,1,1525,shangdang|support|zheng|han|hold;zheng|hold|||
s23,midgame,yarrow,6,2,1,0,1,1709,shangdang|support|zheng|han|hold;zheng|hold|||
s23,midgame,yarrow,7,2,1,0,1,1535,shangdang|support|zheng|han|hold;zheng|hold|||
s24,midgame,control,0,1,0,0,1,815,yewang|support|henei|wei|move
s24,midgame,control,1,1,1,0,0,579,yewang|hold|||
s24,midgame,control,2,1,0,0,1,1435,yewang|support|zheng|wei|hold
s24,midgame,control,3,1,1,0,0,984,yewang|hold|||
s24,midgame,control,4,1,0,0,1,818,yewang|support|henei|wei|move
s24,midgame,control,5,1,1,0,0,978,yewang|hold|||
s24,midgame,control,6,1,1,0,0,811,yewang|hold|||
s24,midgame,control,7,1,0,0,1,812,yewang|support|zheng|wei|hold
s24,midgame,tarot,0,1,0,0,1,1209,yewang|support|henei|wei|move
s24,midgame,tarot,1,1,0,0,1,1229,yewang|support|henei|wei|move
s24,midgame,tarot,2,1,0,1,0,1230,yewang|move|henei||
s24,midgame,tarot,3,1,1,0,0,1884,yewang|hold|||
s24,midgame,tarot,4,1,1,0,0,1257,yewang|hold|||
s24,midgame,tarot,5,1,1,0,0,1456,yewang|hold|||
s24,midgame,tarot,6,1,1,0,0,1328,yewang|hold|||
s24,midgame,tarot,7,1,1,0,0,1264,yewang|hold|||
s24,midgame,yarrow,0,1,1,0,0,920,yewang|hold|||
s24,midgame,yarrow,1,1,1,0,0,1093,yewang|hold|||
s24,midgame,yarrow,2,1,0,1,0,1244,yewang|move|henei||
s24,midgame,yarrow,3,1,1,0,0,1098,yewang|hold|||
s24,midgame,yarrow,4,1,1,0,0,1200,yewang|hold|||
s24,midgame,yarrow,5,1,1,0,0,1024,yewang|hold|||
s24,midgame,yarrow,6,1,1,0,0,1000,yewang|hold|||
s24,midgame,yarrow,7,1,1,0,0,1144,yewang|hold|||
s25,midgame,control,0,2,0,1,1,1117,shangdang|support|zheng|han|move;yewang|move|zheng||
s25,midgame,control,1,2,0,1,1,1234,shangdang|support|zheng|han|move;yewang|move|zheng||
s25,midgame,control,2,2,0,1,1,1112,shangdang|support|zheng|han|move;yewang|move|zheng||
s25,midgame,control,3,2,0,1,1,1160,shangdang|support|zheng|han|move;yewang|move|zheng||
s25,midgame,control,4,2,0,1,1,1026,shangdang|support|zheng|han|move;yewang|move|zheng||
s25,midgame,control,5,2,0,1,1,1740,shangdang|support|zheng|han|move;yewang|move|zheng||
s25,midgame,control,6,2,0,1,1,1227,shangdang|support|zheng|han|move;yewang|move|zheng||
s25,midgame,control,7,2,0,1,1,1144,shangdang|support|zheng|han|move;yewang|move|zheng||
s25,midgame,tarot,0,2,0,1,1,1339,shangdang|move|zheng||;yewang|support|zheng|han|move
s25,midgame,tarot,1,2,2,0,0,1594,shangdang|hold|||;yewang|hold|||
s25,midgame,tarot,2,2,1,0,1,1397,shangdang|hold|||;yewang|support|zheng|wei|hold
s25,midgame,tarot,3,2,1,0,1,1451,shangdang|hold|||;yewang|support|zheng|wei|hold
s25,midgame,tarot,4,2,0,1,1,1576,shangdang|move|zheng||;yewang|support|zheng|han|move
s25,midgame,tarot,5,2,0,1,1,1357,shangdang|support|zheng|han|move;yewang|move|zheng||
s25,midgame,tarot,6,2,1,0,1,1257,shangdang|hold|||;yewang|support|zheng|wei|hold
s25,midgame,tarot,7,2,1,0,1,1189,shangdang|hold|||;yewang|support|zheng|wei|hold
s25,midgame,yarrow,0,2,0,1,1,1702,shangdang|support|zheng|han|move;yewang|move|zheng||
s25,midgame,yarrow,1,2,2,0,0,1354,shangdang|hold|||;yewang|hold|||
s25,midgame,yarrow,2,2,0,1,1,1522,shangdang|support|zheng|han|move;yewang|move|zheng||
s25,midgame,yarrow,3,2,1,0,1,1270,shangdang|hold|||;yewang|support|zheng|wei|hold
s25,midgame,yarrow,4,2,0,1,1,1670,shangdang|move|zheng||;yewang|support|zheng|han|move
s25,midgame,yarrow,5,2,0,1,1,1666,shangdang|move|zheng||;yewang|support|zheng|han|move
s25,midgame,yarrow,6,2,0,1,1,1589,shangdang|support|zheng|han|move;yewang|move|zheng||
s25,midgame,yarrow,7,2,0,1,1,1254,shangdang|move|zheng||;yewang|support|zheng|han|move
s26,midgame,control,0,1,0,0,1,993,luoyang|support|zheng|qin|hold
s26,midgame,control,1,1,1,0,0,775,luoyang|hold|||
s26,midgame,control,2,1,0,0,1,788,luoyang|support|daliang|wei|move
s26,midgame,control,3,1,1,0,0,688,luoyang|hold|||
s26,midgame,control,4,1,0,0,1,1684,luoyang|support|daliang|chu|hold
s26,midgame,control,5,1,1,0,0,821,luoyang|hold|||
s26,midgame,control,6,1,1,0,0,1027,luoyang|hold|||
s26,midgame,control,7,1,1,0,0,767,luoyang|hold|||
s26,midgame,tarot,0,1,1,0,0,1363,luoyang|hold|||
s26,midgame,tarot,1,1,0,0,1,1324,luoyang|support|zheng|qin|hold
s26,midgame,tarot,2,1,1,0,0,1345,luoyang|hold|||
s26,midgame,tarot,3,1,1,0,0,1287,luoyang|hold|||
s26,midgame,tarot,4,1,1,0,0,1268,luoyang|hold|||
s26,midgame,tarot,5,1,1,0,0,1348,luoyang|hold|||
s26,midgame,tarot,6,1,0,1,0,1312,luoyang|move|zheng||
s26,midgame,tarot,7,1,1,0,0,918,luoyang|hold|||
s26,midgame,yarrow,0,1,0,1,0,1022,luoyang|move|nanyang||
s26,midgame,yarrow,1,1,1,0,0,1308,luoyang|hold|||
s26,midgame,yarrow,2,1,0,0,1,1100,luoyang|support|zheng|qin|hold
s26,midgame,yarrow,3,1,1,0,0,1083,luoyang|hold|||
s26,midgame,yarrow,4,1,1,0,0,1290,luoyang|hold|||
s26,midgame,yarrow,5,1,1,0,0,1263,luoyang|hold|||
s26,midgame,yarrow,6,1,1,0,0,982,luoyang|hold|||
s26,midgame,yarrow,7,1,1,0,0,909,luoyang|hold|||
s27,endgame,control,0,1,0,0,1,876,shangdang|support|taihang|chu|hold
s27,endgame,control,1,1,1,0,0,608,shangdang|hold|||
s27,endgame,control,2,1,1,0,0,772,shangdang|hold|||
s27,endgame,control,3,1,1,0,0,543,shangdang|hold|||
s27,endgame,control,4,1,1,0,0,801,shangdang|hold|||
s27,endgame,control,5,1,1,0,0,686,shangdang|hold|||
s27,endgame,control,6,1,1,0,0,806,shangdang|hold|||
s27,endgame,control,7,1,1,0,0,632,shangdang|hold|||
s27,endgame,tarot,0,1,1,0,0,1419,shangdang|hold|||
s27,endgame,tarot,1,1,1,0,0,1145,shangdang|hold|||
s27,endgame,tarot,2,1,0,0,1,1434,shangdang|support|taihang|chu|hold
s27,endgame,tarot,3,1,1,0,0,1237,shangdang|hold|||
s27,endgame,tarot,4,1,0,0,1,1300,shangdang|support|taihang|chu|hold
s27,endgame,tarot,5,1,0,0,1,1077,shangdang|support|taihang|chu|hold
s27,endgame,tarot,6,1,1,0,0,1078,shangdang|hold|||
s27,endgame,tarot,7,1,1,0,0,1181,shangdang|hold|||
s27,endgame,yarrow,0,1,1,0,0,1202,shangdang|hold|||
s27,endgame,yarrow,1,1,1,0,0,1255,shangdang|hold|||
s27,endgame,yarrow,2,1,0,0,1,965,shangdang|support|taihang|chu|hold
s27,endgame,yarrow,3,1,1,0,0,1124,shangdang|hold|||
s27,endgame,yarrow,4,1,1,0,0,916,shangdang|hold|||
s27,endgame,yarrow,5,1,1,0,0,1063,shangdang|hold|||
s27,endgame,yarrow,6,1,1,0,0,1172,shangdang|hold|||
s27,endgame,yarrow,7,1,1,0,0,938,shangdang|hold|||
s28,endgame,control,0,3,2,0,1,1238,daliang|hold|||;luoyang|support|zheng|han|hold;zheng|hold|||
s28,endgame,control,1,3,2,0,1,1057,daliang|hold|||;luoyang|support|zheng|han|hold;zheng|hold|||
s28,endgame,control,2,3,2,0,1,1460,daliang|hold|||;luoyang|support|zheng|han|hold;zheng|hold|||
s28,endgame,control,3,3,2,0,1,1352,daliang|hold|||;luoyang|support|zheng|han|hold;zheng|hold|||
s28,endgame,control,4,3,1,0,2,1132,daliang|support|zheng|han|hold;luoyang|support|zheng|han|hold;zheng|hold|||
s28,endgame,control,5,3,1,0,2,2063,daliang|support|zheng|han|hold;luoyang|support|zheng|han|hold;zheng|hold|||
s28,endgame,control,6,3,1,0,2,1856,daliang|support|zheng|han|hold;luoyang|support|zheng|han|hold;zheng|hold|||
s28,endgame,control,7,3,2,0,1,1211,daliang|hold|||;luoyang|support|zheng|han|hold;zheng|hold|||
s28,endgame,tarot,0,3,2,0,1,1552,daliang|hold|||;luoyang|support|zheng|han|hold;zheng|hold|||
s28,endgame,tarot,1,3,2,0,1,1370,daliang|hold|||;luoyang|support|zheng|han|hold;zheng|hold|||
s28,endgame,tarot,2,3,2,0,1,1321,daliang|hold|||;luoyang|hold|||;zheng|support|daliang|han|hold
s28,endgame,tarot,3,3,1,0,2,1984,daliang|support|zheng|han|hold;luoyang|support|zheng|han|hold;zheng|hold|||
s28,endgame,tarot,4,3,1,1,1,1580,daliang|hold|||;luoyang|support|nanyang|han|move;zheng|move|nanyang||
s28,endgame,tarot,5,3,2,0,1,1673,daliang|hold|||;luoyang|support|zheng|han|hold;zheng|hold|||
s28,endgame,tarot,6,3,2,0,1,2051,daliang|hold|||;luoyang|support|zheng|han|hold;zheng|hold|||
s28,endgame,tarot,7,3,2,0,1,1431,daliang|hold|||;luoyang|support|zheng|han|hold;zheng|hold|||
s28,endgame,yarrow,0,3,2,0,1,1456,daliang|hold|||;luoyang|support|zheng|han|hold;zheng|hold|||
s28,endgame,yarrow,1,3,2,0,1,1587,daliang|hold|||;luoyang|support|zheng|han|hold;zheng|hold|||
s28,endgame,yarrow,2,3,2,0,1,1614,daliang|hold|||;luoyang|support|zheng|han|hold;zheng|hold|||
s28,endgame,yarrow,3,3,2,0,1,1609,daliang|hold|||;luoyang|support|zheng|han|hold;zheng|hold|||
s28,endgame,yarrow,4,3,2,0,1,2073,daliang|support|zheng|han|hold;luoyang|hold|||;zheng|hold|||
s28,endgame,yarrow,5,3,1,0,2,1839,daliang|support|zheng|han|hold;luoyang|support|zheng|han|hold;zheng|hold|||
s28,endgame,yarrow,6,3,1,0,2,1898,daliang|support|zheng|han|hold;luoyang|support|zheng|han|hold;zheng|hold|||
s28,endgame,yarrow,7,3,0,1,2,1376,daliang|support|zheng|han|hold;luoyang|move|nanyang||;zheng|support|nanyang|han|move
s29,endgame,control,0,2,1,0,1,1004,luoyang|hold|||;zheng|support|luoyang|han|hold
s29,endgame,control,1,2,1,0,1,1396,luoyang|support|zheng|han|hold;zheng|hold|||
s29,endgame,control,2,2,1,0,1,997,luoyang|support|zheng|han|hold;zheng|hold|||
s29,endgame,control,3,2,1,0,1,1053,luoyang|hold|||;zheng|support|luoyang|han|hold
s29,endgame,control,4,2,1,0,1,1002,luoyang|hold|||;zheng|support|luoyang|han|hold
s29,endgame,control,5,2,1,0,1,1216,luoyang|hold|||;zheng|support|shangdang|zhao|hold
s29,endgame,control,6,2,1,0,1,967,luoyang|hold|||;zheng|support|luoyang|han|hold
s29,endgame,control,7,2,1,0,1,1012,luoyang|support|zheng|han|hold;zheng|hold|||
s29,endgame,tarot,0,2,1,0,1,1493,luoyang|support|zheng|han|hold;zheng|hold|||
s29,endgame,tarot,1,2,0,1,1,1651,luoyang|move|daliang||;zheng|support|daliang|han|move
s29,endgame,tarot,2,2,0,1,1,1577,luoyang|support|daliang|han|move;zheng|move|daliang||
s29,endgame,tarot,3,2,1,0,1,1298,luoyang|support|zheng|han|hold;zheng|hold|||
s29,endgame,tarot,4,2,1,0,1,1378,luoyang|support|zheng|han|hold;zheng|hold|||
s29,endgame,tarot,5,2,0,1,1,1584,luoyang|support|daliang|han|move;zheng|move|daliang||
s29,endgame,tarot,6,2,1,0,1,1938,luoyang|support|zheng|han|hold;zheng|hold|||
s29,endgame,tarot,7,2,1,0,1,1492,luoyang|hold|||;zheng|support|luoyang|han|hold
s29,endgame,yarrow,0,2,1,0,1,1291,luoyang|hold|||;zheng|support|luoyang|han|hold
s29,endgame,yarrow,1,2,1,0,1,1537,luoyang|hold|||;zheng|support|luoyang|han|hold
s29,endgame,yarrow,2,2,1,0,1,1421,luoyang|hold|||;zheng|support|luoyang|han|hold
s29,endgame,yarrow,3,2,0,1,1,1781,luoyang|move|daliang||;zheng|support|daliang|han|move
s29,endgame,yarrow,4,2,2,0,0,1170,luoyang|hold|||;zheng|hold|||
s29,endgame,yarrow,5,2,1,0,1,1516,luoyang|support|zheng|han|hold;zheng|hold|||
s29,endgame,yarrow,6,2,1,0,1,1394,luoyang|support|zheng|han|hold;zheng|hold|||
s29,endgame,yarrow,7,2,1,0,1,1654,luoyang|support|zheng|han|hold;zheng|hold|||
s30,endgame,control,0,1,0,0,1,796,shangdang|support|taihang|yan|hold
s30,endgame,control,1,1,1,0,0,840,shangdang|hold|||
s30,endgame,control,2,1,0,0,1,830,shangdang|support|taihang|yan|hold
s30,endgame,control,3,1,1,0,0,850,shangdang|hold|||
s30,endgame,control,4,1,0,0,1,1051,shangdang|support|taihang|yan|hold
s30,endgame,control,5,1,1,0,0,797,shangdang|hold|||
s30,endgame,control,6,1,1,0,0,801,shangdang|hold|||
s30,endgame,control,7,1,0,0,1,882,shangdang|support|taihang|yan|hold
s30,endgame,tarot,0,1,0,0,1,1247,shangdang|support|taihang|yan|hold
s30,endgame,tarot,1,1,1,0,0,1182,shangdang|hold|||
s30,endgame,tarot,2,1,1,0,0,1383,shangdang|hold|||
s30,endgame,tarot,3,1,1,0,0,1133,shangdang|hold|||
s30,endgame,tarot,4,1,1,0,0,1512,shangdang|hold|||
s30,endgame,tarot,5,1,1,0,0,1176,shangdang|hold|||
s30,endgame,tarot,6,1,1,0,0,1234,shangdang|hold|||
s30,endgame,tarot,7,1,1,0,0,1323,shangdang|hold|||
s30,endgame,yarrow,0,1,0,0,1,1220,shangdang|support|taihang|yan|hold
s30,endgame,yarrow,1,1,1,0,0,1111,shangdang|hold|||
s30,endgame,yarrow,2,1,1,0,0,1247,shangdang|hold|||
s30,endgame,yarrow,3,1,1,0,0,931,shangdang|hold|||
s30,endgame,yarrow,4,1,1,0,0,1914,shangdang|hold|||
s30,endgame,yarrow,5,1,1,0,0,1240,shangdang|hold|||
s30,endgame,yarrow,6,1,0,0,1,1300,shangdang|support|taihang|yan|hold
s30,endgame,yarrow,7,1,1,0,0,886,shangdang|hold|||
s31,endgame,control,0,2,0,1,1,1091,daliang|support|zheng|han|move;luoyang|move|zheng||
s31,endgame,control,1,2,0,0,2,1027,daliang|support|luoyang|han|hold;luoyang|support|daliang|han|hold
s31,endgame,control,2,2,1,0,1,1038,daliang|hold|||;luoyang|support|daliang|han|hold
s31,endgame,control,3,2,1,0,1,1170,daliang|hold|||;luoyang|support|daliang|han|hold
s31,endgame,control,4,2,1,0,1,1074,daliang|hold|||;luoyang|support|daliang|han|hold
s31,endgame,control,5,2,0,0,2,1273,daliang|support|luoyang|han|hold;luoyang|support|daliang|han|hold
s31,endgame,control,6,2,1,0,1,1781,daliang|hold|||;luoyang|support|daliang|han|hold
s31,endgame,control,7,2,1,0,1,1758,daliang|hold|||;luoyang|support|daliang|han|hold
s31,endgame,tarot,0,2,0,1,1,1257,daliang|move|zheng||;luoyang|support|zheng|han|move
s31,endgame,tarot,1,2,1,0,1,1536,daliang|hold|||;luoyang|support|daliang|han|hold
s31,endgame,tarot,2,2,0,0,2,1311,daliang|support|luoyang|han|hold;luoyang|support|daliang|han|hold
s31,endgame,tarot,3,2,1,0,1,1485,daliang|hold|||;luoyang|support|daliang|han|hold
s31,endgame,tarot,4,2,0,1,1,1553,daliang|move|zheng||;luoyang|support|zheng|han|move
s31,endgame,tarot,5,2,1,0,1,1239,daliang|hold|||;luoyang|support|daliang|han|hold
s31,endgame,tarot,6,2,1,0,1,1656,daliang|hold|||;luoyang|support|daliang|han|hold
s31,endgame,tarot,7,2,1,0,1,1287,daliang|hold|||;luoyang|support|daliang|han|hold
s31,endgame,yarrow,0,2,1,0,1,1308,daliang|hold|||;luoyang|support|daliang|han|hold
s31,endgame,yarrow,1,2,1,0,1,1351,daliang|hold|||;luoyang|support|daliang|han|hold
s31,endgame,yarrow,2,2,0,1,1,1675,daliang|support|zheng|han|move;luoyang|move|zheng||
s31,endgame,yarrow,3,2,0,1,1,1882,daliang|support|zheng|han|move;luoyang|move|zheng||
s31,endgame,yarrow,4,2,2,0,0,1676,daliang|hold|||;luoyang|hold|||
s31,endgame,yarrow,5,2,1,0,1,1256,daliang|hold|||;luoyang|support|daliang|han|hold
s31,endgame,yarrow,6,2,2,0,0,1610,daliang|hold|||;luoyang|hold|||
s31,endgame,yarrow,7,2,1,0,1,1533,daliang|hold|||;luoyang|support|daliang|han|hold
s32,endgame,control,0,1,1,0,0,724,luoyang|hold|||
s32,endgame,control,1,1,1,0,0,913,luoyang|hold|||
s32,endgame,control,2,1,1,0,0,867,luoyang|hold|||
s32,endgame,control,3,1,1,0,0,1005,luoyang|hold|||
s32,endgame,control,4,1,1,0,0,703,luoyang|hold|||
s32,endgame,control,5,1,1,0,0,1682,luoyang|hold|||
s32,endgame,control,6,1,1,0,0,570,luoyang|hold|||
s32,endgame,control,7,1,1,0,0,795,luoyang|hold|||
s32,endgame,tarot,0,1,1,0,0,1470,luoyang|hold|||
s32,endgame,tarot,1,1,1,0,0,1432,luoyang|hold|||
s32,endgame,tarot,2,1,1,0,0,1169,luoyang|hold|||
s32,endgame,tarot,3,1,0,0,1,1310,luoyang|support|zheng|zhao|move
s32,endgame,tarot,4,1,1,0,0,1436,luoyang|hold|||
s32,endgame,tarot,5,1,0,0,1,1761,luoyang|support|zheng|zhao|move
s32,endgame,tarot,6,1,0,0,1,1136,luoyang|support|daliang|qi|hold
s32,endgame,tarot,7,1,1,0,0,1225,luoyang|hold|||
s32,endgame,yarrow,0,1,1,0,0,1210,luoyang|hold|||
s32,endgame,yarrow,1,1,1,0,0,1199,luoyang|hold|||
s32,endgame,yarrow,2,1,1,0,0,1073,luoyang|hold|||
s32,endgame,yarrow,3,1,0,0,1,1300,luoyang|support|daliang|qi|hold
s32,endgame,yarrow,4,1,0,0,1,1215,luoyang|support|daliang|qi|hold
s32,endgame,yarrow,5,1,0,0,1,1054,luoyang|support|daliang|qi|hold
s32,endgame,yarrow,6,1,1,0,0,805,luoyang|hold|||
s32,endgame,yarrow,7,1,1,0,0,982,luoyang|hold|||
s33,endgame,control,0,1,1,0,0,822,shangdang|hold|||
s33,endgame,control,1,1,1,0,0,789,shangdang|hold|||
s33,endgame,control,2,1,1,0,0,830,shangdang|hold|||
s33,endgame,control,3,1,1,0,0,764,shangdang|hold|||
s33,endgame,control,4,1,1,0,0,883,shangdang|hold|||
s33,endgame,control,5,1,1,0,0,610,shangdang|hold|||
s33,endgame,control,6,1,1,0,0,750,shangdang|hold|||
s33,endgame,control,7,1,1,0,0,662,shangdang|hold|||
s33,endgame,tarot,0,1,1,0,0,1235,shangdang|hold|||
s33,endgame,tarot,1,1,1,0,0,1464,shangdang|hold|||
s33,endgame,tarot,2,1,1,0,0,1284,shangdang|hold|||
s33,endgame,tarot,3,1,1,0,0,1277,shangdang|hold|||
s33,endgame,tarot,4,1,1,0,0,1356,shangdang|hold|||
s33,endgame,tarot,5,1,1,0,0,1324,shangdang|hold|||
s33,endgame,tarot,6,1,1,0,0,1090,shangdang|hold|||
s33,endgame,tarot,7,1,1,0,0,904,shangdang|hold|||
s33,endgame,yarrow,0,1,1,0,0,1199,shangdang|hold|||
s33,endgame,yarrow,1,1,1,0,0,1073,shangdang|hold|||
s33,endgame,yarrow,2,1,0,0,1,1032,shangdang|support|taihang|zhao|hold
s33,endgame,yarrow,3,1,1,0,0,1089,shangdang|hold|||
s33,endgame,yarrow,4,1,1,0,0,1118,shangdang|hold|||
s33,endgame,yarrow,5,1,1,0,0,1117,shangdang|hold|||
s33,endgame,yarrow,6,1,1,0,0,865,shangdang|hold|||
s33,endgame,yarrow,7,1,1,0,0,1132,shangdang|hold|||
s34,endgame,control,0,1,1,0,0,801,shangcai|hold|||
s34,endgame,control,1,1,1,0,0,992,shangcai|hold|||
s34,endgame,control,2,1,1,0,0,727,shangcai|hold|||
s34,endgame,control,3,1,1,0,0,529,shangcai|hold|||
s34,endgame,control,4,1,1,0,0,515,shangcai|hold|||
s34,endgame,control,5,1,1,0,0,743,shangcai|hold|||
s34,endgame,control,6,1,0,0,1,747,shangcai|support|huai_river|chu|hold
s34,endgame,control,7,1,1,0,0,750,shangcai|hold|||
s34,endgame,tarot,0,1,1,0,0,900,shangcai|hold|||
s34,endgame,tarot,1,1,1,0,0,1246,shangcai|hold|||
s34,endgame,tarot,2,1,1,0,0,971,shangcai|hold|||
s34,endgame,tarot,3,1,0,0,1,1080,shangcai|support|zheng|wei|move
s34,endgame,tarot,4,1,1,0,0,1298,shangcai|hold|||
s34,endgame,tarot,5,1,1,0,0,1322,shangcai|hold|||
s34,endgame,tarot,6,1,0,1,0,1152,shangcai|move|zheng||
s34,endgame,tarot,7,1,1,0,0,1050,shangcai|hold|||
s34,endgame,yarrow,0,1,1,0,0,1319,shangcai|hold|||
s34,endgame,yarrow,1,1,1,0,0,1048,shangcai|hold|||
s34,endgame,yarrow,2,1,1,0,0,1108,shangcai|hold|||
s34,endgame,yarrow,3,1,1,0,0,935,shangcai|hold|||
s34,endgame,yarrow,4,1,1,0,0,1114,shangcai|hold|||
s34,endgame,yarrow,5,1,1,0,0,1369,shangcai|hold|||
s34,endgame,yarrow,6,1,1,0,0,1131,shangcai|hold|||
s34,endgame,yarrow,7,1,1,0,0,1286,shangcai|hold|||
s35,endgame,control,0,1,1,0,0,849,shangdang|hold|||
s35,endgame,control,1,1,1,0,0,774,shangdang|hold|||
s35,endgame,control,2,1,1,0,0,732,shangdang|hold|||
s35,endgame,control,3,1,1,0,0,770,shangdang|hold|||
s35,endgame,control,4,1,1,0,0,775,shangdang|hold|||
s35,endgame,control,5,1,1,0,0,570,shangdang|hold|||
s35,endgame,control,6,1,1,0,0,789,shangdang|hold|||
s35,endgame,control,7,1,1,0,0,647,shangdang|hold|||
s35,endgame,tarot,0,1,1,0,0,1162,shangdang|hold|||
s35,endgame,tarot,1,1,1,0,0,1178,shangdang|hold|||
s35,endgame,tarot,2,1,1,0,0,1115,shangdang|hold|||
s35,endgame,tarot,3,1,0,0,1,1253,shangdang|support|zheng|chu|hold
s35,endgame,tarot,4,1,1,0,0,1262,shangdang|hold|||
s35,endgame,tarot,5,1,1,0,0,1140,shangdang|hold|||
s35,endgame,tarot,6,1,1,0,0,1334,shangdang|hold|||
s35,endgame,tarot,7,1,1,0,0,1318,shangdang|hold|||
s35,endgame,yarrow,0,1,1,0,0,1226,shangdang|hold|||
s35,endgame,yarrow,1,1,1,0,0,1029,shangdang|hold|||
s35,endgame,yarrow,2,1,1,0,0,1164,shangdang|hold|||
s35,endgame,yarrow,3,1,1,0,0,1249,shangdang|hold|||
s35,endgame,yarrow,4,1,1,0,0,1250,shangdang|hold|||
s35,endgame,yarrow,5,1,1,0,0,1173,shangdang|hold|||
s35,endgame,yarrow,6,1,1,0,0,1174,shangdang|hold|||
s35,endgame,yarrow,7,1,1,0,0,1156,shangdang|hold|||
s36,endgame,control,0,3,1,0,2,1402,shangcai|hold|||;shangdang|support|zheng|han|hold;zheng|support|shangcai|han|hold
s36,endgame,control,1,3,2,0,1,1596,shangcai|hold|||;shangdang|support|zheng|han|hold;zheng|hold|||
s36,endgame,control,2,3,2,0,1,1315,shangcai|hold|||;shangdang|support|zheng|han|hold;zheng|hold|||
s36,endgame,control,3,3,2,0,1,1167,shangcai|hold|||;shangdang|hold|||;zheng|support|shangcai|han|hold
s36,endgame,control,4,3,2,0,1,1204,shangcai|support|zheng|han|hold;shangdang|hold|||;zheng|hold|||
s36,endgame,control,5,3,2,0,1,1454,shangcai|hold|||;shangdang|support|zheng|han|hold;zheng|hold|||
s36,endgame,control,6,3,1,0,2,2010,shangcai|support|zheng|han|hold;shangdang|support|zheng|han|hold;zheng|hold|||
s36,endgame,control,7,3,2,0,1,1376,shangcai|hold|||;shangdang|support|zheng|han|hold;zheng|hold|||
s36,endgame,tarot,0,3,1,0,2,2323,shangcai|support|zheng|han|hold;shangdang|support|zheng|han|hold;zheng|hold|||
s36,endgame,tarot,1,3,2,0,1,1549,shangcai|hold|||;shangdang|support|zheng|han|hold;zheng|hold|||
s36,endgame,tarot,2,3,2,0,1,1586,shangcai|hold|||;shangdang|support|zheng|han|hold;zheng|hold|||
s36,endgame,tarot,3,3,2,0,1,1534,shangcai|hold|||;shangdang|support|zheng|han|hold;zheng|hold|||
s36,endgame,tarot,4,3,1,1,1,1386,shangcai|support|zheng|han|hold;shangdang|move|taihang_north||;zheng|hold|||
s36,endgame,tarot,5,3,2,0,1,1632,shangcai|support|zheng|han|hold;shangdang|hold|||;zheng|hold|||
s36,endgame,tarot,6,3,1,0,2,1098,shangcai|support|zheng|han|hold;shangdang|support|zheng|han|hold;zheng|hold|||
s36,endgame,tarot,7,3,1,0,2,1845,shangcai|support|zheng|han|hold;shangdang|support|zheng|han|hold;zheng|hold|||
s36,endgame,yarrow,0,3,2,0,1,1582,shangcai|hold|||;shangdang|support|zheng|han|hold;zheng|hold|||
s36,endgame,yarrow,1,3,2,0,1,1608,shangcai|support|zheng|han|hold;shangdang|hold|||;zheng|hold|||
s36,endgame,yarrow,2,3,1,1,1,1542,shangcai|support|zheng|han|hold;shangdang|move|taihang_north||;zheng|hold|||
s36,endgame,yarrow,3,3,1,1,1,1494,shangcai|support|zheng|han|hold;shangdang|move|taihang_north||;zheng|hold|||
s36,endgame,yarrow,4,3,2,0,1,1679,shangcai|support|zheng|han|hold;shangdang|hold|||;zheng|hold|||
s36,endgame,yarrow,5,3,1,0,2,1874,shangcai|support|zheng|han|hold;shangdang|support|zheng|han|hold;zheng|hold|||
s36,endgame,yarrow,6,3,2,0,1,1599,shangcai|hold|||;shangdang|support|zheng|han|hold;zheng|hold|||
s36,endgame,yarrow,7,3,2,0,1,1699,shangcai|support|zheng|han|hold;shangdang|hold|||;zheng|hold|||
s37,endgame,control,0,2,1,0,1,977,shangdang|support|zheng|han|hold;zheng|hold|||
s37,endgame,control,1,2,1,0,1,1530,shangdang|support|zheng|han|hold;zheng|hold|||
s37,endgame,control,2,2,1,0,1,1053,shangdang|support|zheng|han|hold;zheng|hold|||
s37,endgame,control,3,2,1,0,1,1223,shangdang|support|zheng|han|hold;zheng|hold|||
s37,endgame,control,4,2,1,0,1,1173,shangdang|support|zheng|han|hold;zheng|hold|||
s37,endgame,control,5,2,0,0,2,1257,shangdang|support|zheng|han|hold;zheng|support|shangdang|han|hold
s37,endgame,control,6,2,1,0,1,2068,shangdang|support|zheng|han|hold;zheng|hold|||
s37,endgame,control,7,2,1,0,1,1184,shangdang|support|zheng|han|hold;zheng|hold|||
s37,endgame,tarot,0,2,0,0,2,1571,shangdang|support|zheng|han|hold;zheng|support|shangdang|han|hold
s37,endgame,tarot,1,2,1,0,1,1783,shangdang|support|zheng|han|hold;zheng|hold|||
s37,endgame,tarot,2,2,1,0,1,1311,shangdang|support|zheng|han|hold;zheng|hold|||
s37,endgame,tarot,3,2,1,0,1,1544,shangdang|support|zheng|han|hold;zheng|hold|||
s37,endgame,tarot,4,2,0,0,2,1627,shangdang|support|zheng|han|hold;zheng|support|shangdang|han|hold
s37,endgame,tarot,5,2,1,0,1,1483,shangdang|support|zheng|han|hold;zheng|hold|||
s37,endgame,tarot,6,2,1,1,0,1067,shangdang|hold|||;zheng|move|luoyang||
s37,endgame,tarot,7,2,1,0,1,1628,shangdang|support|zheng|han|hold;zheng|hold|||
s37,endgame,yarrow,0,2,1,1,0,1516,shangdang|hold|||;zheng|move|shangcai||
s37,endgame,yarrow,1,2,1,0,1,1708,shangdang|support|zheng|han|hold;zheng|hold|||
s37,endgame,yarrow,2,2,1,0,1,1514,shangdang|support|zheng|han|hold;zheng|hold|||
s37,endgame,yarrow,3,2,1,0,1,1441,shangdang|support|zheng|han|hold;zheng|hold|||
s37,endgame,yarrow,4,2,1,0,1,1488,shangdang|support|zheng|han|hold;zheng|hold|||
s37,endgame,yarrow,5,2,1,0,1,1347,shangdang|support|zheng|han|hold;zheng|hold|||
s37,endgame,yarrow,6,2,1,0,1,1451,shangdang|support|zheng|han|hold;zheng|hold|||
s37,endgame,yarrow,7,2,1,0,1,1345,shangdang|support|zheng|han|hold;zheng|hold|||
s38,endgame,control,0,1,0,0,1,1465,shangcai|support|zheng|wei|hold
s38,endgame,control,1,1,1,0,0,820,shangcai|hold|||
s38,endgame,control,2,1,0,0,1,873,shangcai|support|zheng|wei|hold
s38,endgame,control,3,1,1,0,0,689,shangcai|hold|||
s38,endgame,control,4,1,1,0,0,586,shangcai|hold|||
s38,endgame,control,5,1,1,0,0,565,shangcai|hold|||
s38,endgame,control,6,1,1,0,0,597,shangcai|hold|||
s38,endgame,control,7,1,1,0,0,783,shangcai|hold|||
s38,endgame,tarot,0,1,0,1,0,1093,shangcai|move|zheng||
s38,endgame,tarot,1,1,1,0,0,1179,shangcai|hold|||
s38,endgame,tarot,2,1,1,0,0,1100,shangcai|hold|||
s38,endgame,tarot,3,1,1,0,0,1403,shangcai|hold|||
s38,endgame,tarot,4,1,1,0,0,1280,shangcai|hold|||
s38,endgame,tarot,5,1,1,0,0,843,shangcai|hold|||
s38,endgame,tarot,6,1,1,0,0,1142,shangcai|hold|||
s38,endgame,tarot,7,1,1,0,0,1242,shangcai|hold|||
s38,endgame,yarrow,0,1,1,0,0,1338,shangcai|hold|||
s38,endgame,yarrow,1,1,0,0,1,1082,shangcai|support|zheng|wei|hold
s38,endgame,yarrow,2,1,1,0,0,903,shangcai|hold|||
s38,endgame,yarrow,3,1,1,0,0,1136,shangcai|hold|||
s38,endgame,yarrow,4,1,1,0,0,798,shangcai|hold|||
s38,endgame,yarrow,5,1,1,0,0,1211,shangcai|hold|||
s38,endgame,yarrow,6,1,1,0,0,1521,shangcai|hold|||
s38,endgame,yarrow,7,1,1,0,0,1097,shangcai|hold|||
s39,endgame,control,0,1,0,0,1,730,zheng|support|luoyang|yan|move
s39,endgame,control,1,1,0,0,1,999,zheng|support|yewang|wei|move
s39,endgame,control,2,1,0,0,1,1626,zheng|support|yewang|wei|move
s39,endgame,control,3,1,0,0,1,841,zheng|support|shangdang|yan|hold
s39,endgame,control,4,1,1,0,0,1505,zheng|hold|||
s39,endgame,control,5,1,1,0,0,771,zheng|hold|||
s39,endgame,control,6,1,1,0,0,836,zheng|hold|||
s39,endgame,control,7,1,0,0,1,877,zheng|support|luoyang|wei|move
s39,endgame,tarot,0,1,0,1,0,1083,zheng|move|yewang||
s39,endgame,tarot,1,1,1,0,0,1455,zheng|hold|||
s39,endgame,tarot,2,1,0,0,1,1153,zheng|support|yewang|wei|move
s39,endgame,tarot,3,1,0,0,1,1250,zheng|support|yewang|wei|move
s39,endgame,tarot,4,1,0,1,0,1150,zheng|move|yewang||
s39,endgame,tarot,5,1,0,0,1,1154,zheng|support|yewang|wei|move
s39,endgame,tarot,6,1,0,0,1,1269,zheng|support|yewang|wei|move
s39,endgame,tarot,7,1,1,0,0,1072,zheng|hold|||
s39,endgame,yarrow,0,1,0,0,1,1301,zheng|support|luoyang|wei|move
s39,endgame,yarrow,1,1,0,0,1,1204,zheng|support|yewang|wei|move
s39,endgame,yarrow,2,1,0,1,0,1291,zheng|move|yewang||
s39,endgame,yarrow,3,1,1,0,0,1281,zheng|hold|||
s39,endgame,yarrow,4,1,0,1,0,937,zheng|move|yewang||
s39,endgame,yarrow,5,1,1,0,0,1127,zheng|hold|||
s39,endgame,yarrow,6,1,1,0,0,1106,zheng|hold|||
s39,endgame,yarrow,7,1,1,0,0,1052,zheng|hold|||
