game_id,condition,state,mean_reasoning_chars,n_orders
control_opus_20260329_124001_df65,control,qin,0.0,20
control_opus_20260329_124001_df65,control,han,0.0,10
control_opus_20260329_124001_df65,control,wei,0.0,13
control_opus_20260329_124001_df65,control,zhao,0.0,20
control_opus_20260329_124001_df65,control,qi,0.0,20
control_opus_20260329_124001_df65,control,chu,0.0,20
control_opus_20260329_124001_df65,control,yan,0.0,20
control_opus_20260329_165843_aee4,control,qin,0.0,20
control_opus_20260329_165843_aee4,control,han,0.0,8
control_opus_20260329_165843_aee4,control,wei,0.0,20
control_opus_20260329_165843_aee4,control,zhao,0.0,20
control_opus_20260329_165843_aee4,control,qi,0.0,20
control_opus_20260329_165843_aee4,control,chu,0.0,20
control_opus_20260329_165843_aee4,control,yan,0.0,20
control_opus_20260403_125741_8c67,control,qin,0.0,16
control_opus_20260403_125741_8c67,control,han,0.0,4
control_opus_20260403_125741_8c67,control,wei,0.0,16
control_opus_20260403_125741_8c67,control,zhao,0.0,7
control_opus_20260403_125741_8c67,control,qi,0.0,11
control_opus_20260403_125741_8c67,control,chu,0.0,14
control_opus_20260403_125741_8c67,control,yan,0.0,16
control_opus_20260403_125743_cf36,control,qin,0.0,20
control_opus_20260403_125743_cf36,control,han,0.0,20
control_opus_20260403_125743_cf36,control,wei,0.0,20
control_opus_20260403_125743_cf36,control,zhao,0.0,20
control_opus_20260403_125743_cf36,control,qi,0.0,8
control_opus_20260403_125743_cf36,control,chu,0.0,20
control_opus_20260403_125743_cf36,control,yan,0.0,20
control_opus_20260404_101008_523c,control,qin,0.0,20
control_opus_20260404_101008_523c,control,han,0.0,20
control_opus_20260404_101008_523c,control,wei,0.0,20
control_opus_20260404_101008_523c,control,zhao,0.0,15
control_opus_20260404_101008_523c,control,qi,0.0,14
control_opus_20260404_101008_523c,control,chu,0.0,20
control_opus_20260404_101008_523c,control,yan,0.0,20
control_opus_20260404_101008_8291,control,qin,0.0,20
control_opus_20260404_101008_8291,control,han,0.0,20
control_opus_20260404_101008_8291,control,wei,0.0,20
control_opus_20260404_101008_8291,control,zhao,0.0,20
control_opus_20260404_101008_8291,control,qi,0.0,20
control_opus_20260404_101008_8291,control,chu,0.0,20
control_opus_20260404_101008_8291,control,yan,0.0,20
control_opus_20260405_163349_12a6,control,qin,0.0,20
control_opus_20260405_163349_12a6,control,han,0.0,20
control_opus_20260405_163349_12a6,control,wei,0.0,20
control_opus_20260405_163349_12a6,control,zhao,0.0,5
control_opus_20260405_163349_12a6,control,qi,0.0,15
control_opus_20260405_163349_12a6,control,chu,0.0,20
control_opus_20260405_163349_12a6,control,yan,0.0,20
control_opus_20260410_143545_eb4f,control,qin,0.0,20
control_opus_20260410_143545_eb4f,control,han,0.0,20
control_opus_20260410_143545_eb4f,control,wei,0.0,15
control_opus_20260410_143545_eb4f,control,zhao,0.0,20
control_opus_20260410_143545_eb4f,control,qi,0.0,20
control_opus_20260410_143545_eb4f,control,chu,0.0,20
control_opus_20260410_143545_eb4f,control,yan,0.0,20
control_opus_20260410_195001_d6ad,control,qin,0.0,20
control_opus_20260410_195001_d6ad,control,han,0.0,20
control_opus_20260410_195001_d6ad,control,wei,0.0,8
control_opus_20260410_195001_d6ad,control,zhao,0.0,15
control_opus_20260410_195001_d6ad,control,qi,0.0,20
control_opus_20260410_195001_d6ad,control,chu,0.0,14
control_opus_20260410_195001_d6ad,control,yan,0.0,20
control_opus_20260329_061949_c4e4,control,qin,0.0,17
control_opus_20260329_061949_c4e4,control,han,0.0,15
control_opus_20260329_061949_c4e4,control,wei,0.0,15
control_opus_20260329_061949_c4e4,control,zhao,0.0,15
control_opus_20260329_061949_c4e4,control,qi,0.0,15
control_opus_20260329_061949_c4e4,control,chu,0.0,15
control_opus_20260329_061949_c4e4,control,yan,0.0,15
control_opus_20260329_074444_c154,control,qin,26.2,20
control_opus_20260329_074444_c154,control,han,26.3,20
control_opus_20260329_074444_c154,control,wei,33.6,20
control_opus_20260329_074444_c154,control,zhao,0.0,9
control_opus_20260329_074444_c154,control,qi,23.9,20
control_opus_20260329_074444_c154,control,chu,23.2,20
control_opus_20260329_074444_c154,control,yan,35.0,20
random_oracle_opus_20260329_124241_7b69,yarrow,qin,0.0,19
random_oracle_opus_20260329_124241_7b69,yarrow,han,0.0,20
random_oracle_opus_20260329_124241_7b69,yarrow,wei,0.0,14
random_oracle_opus_20260329_124241_7b69,yarrow,zhao,0.0,20
random_oracle_opus_20260329_124241_7b69,yarrow,qi,0.0,12
random_oracle_opus_20260329_124241_7b69,yarrow,chu,0.0,20
random_oracle_opus_20260329_124241_7b69,yarrow,yan,0.0,20
random_oracle_opus_20260329_165843_fdb1,yarrow,qin,0.0,20
random_oracle_opus_20260329_165843_fdb1,yarrow,han,0.0,5
random_oracle_opus_20260329_165843_fdb1,yarrow,wei,0.0,20
random_oracle_opus_20260329_165843_fdb1,yarrow,zhao,0.0,20
random_oracle_opus_20260329_165843_fdb1,yarrow,qi,0.0,18
random_oracle_opus_20260329_165843_fdb1,yarrow,chu,0.0,20
random_oracle_opus_20260329_165843_fdb1,yarrow,yan,0.0,20
random_oracle_opus_20260403_125734_f6d2,yarrow,qin,0.0,20
random_oracle_opus_20260403_125734_f6d2,yarrow,han,0.0,8
random_oracle_opus_20260403_125734_f6d2,yarrow,wei,0.0,20
random_oracle_opus_20260403_125734_f6d2,yarrow,zhao,0.0,20
random_oracle_opus_20260403_125734_f6d2,yarrow,qi,0.0,19
random_oracle_opus_20260403_125734_f6d2,yarrow,chu,0.0,20
random_oracle_opus_20260403_125734_f6d2,yarrow,yan,0.0,20
random_oracle_opus_20260403_125737_c9b7,yarrow,qin,0.0,20
random_oracle_opus_20260403_125737_c9b7,yarrow,han,0.0,4
random_oracle_opus_20260403_125737_c9b7,yarrow,wei,0.0,20
random_oracle_opus_20260403_125737_c9b7,yarrow,zhao,0.0,20
random_oracle_opus_20260403_125737_c9b7,yarrow,qi,0.0,20
random_oracle_opus_20260403_125737_c9b7,yarrow,chu,0.0,20
random_oracle_opus_20260403_125737_c9b7,yarrow,yan,0.0,20
random_oracle_opus_20260404_101008_0154,yarrow,qin,0.0,20
random_oracle_opus_20260404_101008_0154,yarrow,han,0.0,8
random_oracle_opus_20260404_101008_0154,yarrow,wei,0.0,20
random_oracle_opus_20260404_101008_0154,yarrow,zhao,0.0,20
random_oracle_opus_20260404_101008_0154,yarrow,qi,0.0,11
random_oracle_opus_20260404_101008_0154,yarrow,chu,0.0,20
random_oracle_opus_20260404_101008_0154,yarrow,yan,0.0,20
random_oracle_opus_20260404_101008_ea16,yarrow,qin,0.0,20
random_oracle_opus_20260404_101008_ea16,yarrow,han,0.0,20
random_oracle_opus_20260404_101008_ea16,yarrow,wei,0.0,20
random_oracle_opus_20260404_101008_ea16,yarrow,zhao,0.0,10
random_oracle_opus_20260404_101008_ea16,yarrow,qi,0.0,20
random_oracle_opus_20260404_101008_ea16,yarrow,chu,0.0,20
random_oracle_opus_20260404_101008_ea16,yarrow,yan,0.0,20
random_oracle_opus_20260405_163316_81f8,yarrow,qin,0.0,20
random_oracle_opus_20260405_163316_81f8,yarrow,han,0.0,12
random_oracle_opus_20260405_163316_81f8,yarrow,wei,0.0,9
random_oracle_opus_20260405_163316_81f8,yarrow,zhao,0.0,19
random_oracle_opus_20260405_163316_81f8,yarrow,qi,0.0,20
random_oracle_opus_20260405_163316_81f8,yarrow,chu,0.0,20
random_oracle_opus_20260405_163316_81f8,yarrow,yan,0.0,20
random_oracle_opus_20260427_182540_65a1,yarrow,qin,0.0,20
random_oracle_opus_20260427_182540_65a1,yarrow,han,0.0,20
random_oracle_opus_20260427_182540_65a1,yarrow,wei,0.0,20
random_oracle_opus_20260427_182540_65a1,yarrow,zhao,0.0,17
random_oracle_opus_20260427_182540_65a1,yarrow,qi,0.0,20
random_oracle_opus_20260427_182540_65a1,yarrow,chu,0.0,20
random_oracle_opus_20260427_182540_65a1,yarrow,yan,0.0,20
random_oracle_opus_20260503_174137_3c96,yarrow,qin,0.0,10
random_oracle_opus_20260503_174137_3c96,yarrow,han,0.0,6
random_oracle_opus_20260503_174137_3c96,yarrow,wei,0.0,18
random_oracle_opus_20260503_174137_3c96,yarrow,zhao,0.0,14
random_oracle_opus_20260503_174137_3c96,yarrow,qi,0.0,20
random_oracle_opus_20260503_174137_3c96,yarrow,chu,0.0,20
random_oracle_opus_20260503_174137_3c96,yarrow,yan,0.0,20
random_oracle_opus_20260503_212155_c063,yarrow,qin,0.0,20
random_oracle_opus_20260503_212155_c063,yarrow,han,0.0,3
random_oracle_opus_20260503_212155_c063,yarrow,wei,0.0,20
random_oracle_opus_20260503_212155_c063,yarrow,zhao,0.0,20
random_oracle_opus_20260503_212155_c063,yarrow,qi,0.0,20
random_oracle_opus_20260503_212155_c063,yarrow,chu,0.0,20
random_oracle_opus_20260503_212155_c063,yarrow,yan,0.0,20
tarot_opus_20260410_143545_2eba,tarot,qin,0.0,13
tarot_opus_20260410_143545_2eba,tarot,han,0.0,13
tarot_opus_20260410_143545_2eba,tarot,wei,0.0,13
tarot_opus_20260410_143545_2eba,tarot,zhao,0.0,13
tarot_opus_20260410_143545_2eba,tarot,qi,0.0,13
tarot_opus_20260410_143545_2eba,tarot,chu,0.0,10
tarot_opus_20260410_143545_2eba,tarot,yan,0.0,13
tarot_opus_20260410_195001_0fa6,tarot,qin,0.0,20
tarot_opus_20260410_195001_0fa6,tarot,han,0.0,17
tarot_opus_20260410_195001_0fa6,tarot,wei,0.0,20
tarot_opus_20260410_195001_0fa6,tarot,zhao,0.0,14
tarot_opus_20260410_195001_0fa6,tarot,qi,0.0,20
tarot_opus_20260410_195001_0fa6,tarot,chu,0.0,20
tarot_opus_20260410_195001_0fa6,tarot,yan,0.0,20
tarot_opus_20260411_113544_eacb,tarot,qin,0.0,11
tarot_opus_20260411_113544_eacb,tarot,han,0.0,7
tarot_opus_20260411_113544_eacb,tarot,wei,0.0,11
tarot_opus_20260411_113544_eacb,tarot,zhao,0.0,11
tarot_opus_20260411_113544_eacb,tarot,qi,0.0,11
tarot_opus_20260411_113544_eacb,tarot,chu,0.0,11
tarot_opus_20260411_113544_eacb,tarot,yan,0.0,11
tarot_opus_20260411_174138_b51a,tarot,qin,0.0,20
tarot_opus_20260411_174138_b51a,tarot,han,0.0,16
tarot_opus_20260411_174138_b51a,tarot,wei,0.0,9
tarot_opus_20260411_174138_b51a,tarot,zhao,0.0,17
tarot_opus_20260411_174138_b51a,tarot,qi,0.0,20
tarot_opus_20260411_174138_b51a,tarot,chu,0.0,20
tarot_opus_20260411_174138_b51a,tarot,yan,0.0,20
tarot_opus_20260416_070448_ceea,tarot,qin,0.0,20
tarot_opus_20260416_070448_ceea,tarot,han,0.0,20
tarot_opus_20260416_070448_ceea,tarot,wei,0.0,20
tarot_opus_20260416_070448_ceea,tarot,zhao,0.0,20
tarot_opus_20260416_070448_ceea,tarot,qi,0.0,20
tarot_opus_20260416_070448_ceea,tarot,chu,0.0,20
tarot_opus_20260416_070448_ceea,tarot,yan,0.0,20
tarot_opus_20260416_084349_35a7,tarot,qin,0.0,20
tarot_opus_20260416_084349_35a7,tarot,han,0.0,15
tarot_opus_20260416_084349_35a7,tarot,wei,0.0,20
tarot_opus_20260416_084349_35a7,tarot,zhao,0.0,20
tarot_opus_20260416_084349_35a7,tarot,qi,0.0,20
tarot_opus_20260416_084349_35a7,tarot,chu,0.0,20
tarot_opus_20260416_084349_35a7,tarot,yan,0.0,20
tarot_opus_20260417_064826_fbb9,tarot,qin,0.0,20
tarot_opus_20260417_064826_fbb9,tarot,han,0.0,9
tarot_opus_20260417_064826_fbb9,tarot,wei,0.0,20
tarot_opus_20260417_064826_fbb9,tarot,zhao,0.0,20
tarot_opus_20260417_064826_fbb9,tarot,qi,0.0,20
tarot_opus_20260417_064826_fbb9,tarot,chu,0.0,20
tarot_opus_20260417_064826_fbb9,tarot,yan,0.0,20
tarot_opus_20260417_064827_e0ff,tarot,qin,0.0,15
tarot_opus_20260417_064827_e0ff,tarot,han,0.0,20
tarot_opus_20260417_064827_e0ff,tarot,wei,0.0,20
tarot_opus_20260417_064827_e0ff,tarot,zhao,0.0,13
tarot_opus_20260417_064827_e0ff,tarot,qi,0.0,20
tarot_opus_20260417_064827_e0ff,tarot,chu,0.0,20
tarot_opus_20260417_064827_e0ff,tarot,yan,0.0,20
tarot_opus_20260417_064828_54d8,tarot,qin,0.0,20
tarot_opus_20260417_064828_54d8,tarot,han,0.0,20
tarot_opus_20260417_064828_54d8,tarot,wei,0.0,20
tarot_opus_20260417_064828_54d8,tarot,zhao,0.0,20
tarot_opus_20260417_064828_54d8,tarot,qi,0.0,20
tarot_opus_20260417_064828_54d8,tarot,chu,0.0,20
tarot_opus_20260417_064828_54d8,tarot,yan,0.0,17
tarot_opus_20260417_064828_ffa6,tarot,qin,0.0,20
tarot_opus_20260417_064828_ffa6,tarot,han,0.0,16
tarot_opus_20260417_064828_ffa6,tarot,wei,0.0,20
tarot_opus_20260417_064828_ffa6,tarot,zhao,0.0,11
tarot_opus_20260417_064828_ffa6,tarot,qi,0.0,20
tarot_opus_20260417_064828_ffa6,tarot,chu,0.0,20
tarot_opus_20260417_064828_ffa6,tarot,yan,0.0,20
scrambled_text_opus_20260423_234641_7c92,scrambled,qin,0.0,20
scrambled_text_opus_20260423_234641_7c92,scrambled,han,0.0,20
scrambled_text_opus_20260423_234641_7c92,scrambled,wei,0.0,18
scrambled_text_opus_20260423_234641_7c92,scrambled,zhao,0.0,12
scrambled_text_opus_20260423_234641_7c92,scrambled,qi,0.0,20
scrambled_text_opus_20260423_234641_7c92,scrambled,chu,0.0,20
scrambled_text_opus_20260423_234641_7c92,scrambled,yan,0.0,20
scrambled_text_opus_20260424_115648_1bfd,scrambled,qin,0.0,20
scrambled_text_opus_20260424_115648_1bfd,scrambled,han,0.0,20
scrambled_text_opus_20260424_115648_1bfd,scrambled,wei,0.0,17
scrambled_text_opus_20260424_115648_1bfd,scrambled,zhao,0.0,20
scrambled_text_opus_20260424_115648_1bfd,scrambled,qi,0.0,20
scrambled_text_opus_20260424_115648_1bfd,scrambled,chu,0.0,20
scrambled_text_opus_20260424_115648_1bfd,scrambled,yan,0.0,20
scrambled_text_opus_20260424_232606_d1ae,scrambled,qin,0.0,20
scrambled_text_opus_20260424_232606_d1ae,scrambled,han,0.0,20
scrambled_text_opus_20260424_232606_d1ae,scrambled,wei,0.0,20
scrambled_text_opus_20260424_232606_d1ae,scrambled,zhao,0.0,12
scrambled_text_opus_20260424_232606_d1ae,scrambled,qi,0.0,20
scrambled_text_opus_20260424_232606_d1ae,scrambled,chu,0.0,20
scrambled_text_opus_20260424_232606_d1ae,scrambled,yan,0.0,20
scrambled_text_opus_20260425_095615_296c,scrambled,qin,0.0,20
scrambled_text_opus_20260425_095615_296c,scrambled,han,0.0,8
scrambled_text_opus_20260425_095615_296c,scrambled,wei,0.0,20
scrambled_text_opus_20260425_095615_296c,scrambled,zhao,0.0,20
scrambled_text_opus_20260425_095615_296c,scrambled,qi,0.0,20
scrambled_text_opus_20260425_095615_296c,scrambled,chu,0.0,20
scrambled_text_opus_20260425_095615_296c,scrambled,yan,0.0,20
scrambled_text_opus_20260425_234105_6338,scrambled,qin,0.0,20
scrambled_text_opus_20260425_234105_6338,scrambled,han,0.0,12
scrambled_text_opus_20260425_234105_6338,scrambled,wei,0.0,20
scrambled_text_opus_20260425_234105_6338,scrambled,zhao,0.0,20
scrambled_text_opus_20260425_234105_6338,scrambled,qi,0.0,20
scrambled_text_opus_20260425_234105_6338,scrambled,chu,0.0,20
scrambled_text_opus_20260425_234105_6338,scrambled,yan,0.0,20
scrambled_text_opus_20260426_071651_9c0b,scrambled,qin,0.0,20
scrambled_text_opus_20260426_071651_9c0b,scrambled,han,0.0,19
scrambled_text_opus_20260426_071651_9c0b,scrambled,wei,0.0,20
scrambled_text_opus_20260426_071651_9c0b,scrambled,zhao,0.0,20
scrambled_text_opus_20260426_071651_9c0b,scrambled,qi,0.0,20
scrambled_text_opus_20260426_071651_9c0b,scrambled,chu,0.0,20
scrambled_text_opus_20260426_071651_9c0b,scrambled,yan,0.0,20
scrambled_text_opus_20260426_141428_207d,scrambled,qin,0.0,20
scrambled_text_opus_20260426_141428_207d,scrambled,han,0.0,20
scrambled_text_opus_20260426_141428_207d,scrambled,wei,0.0,20
scrambled_text_opus_20260426_141428_207d,scrambled,zhao,0.0,20
scrambled_text_opus_20260426_141428_207d,scrambled,qi,0.0,20
scrambled_text_opus_20260426_141428_207d,scrambled,chu,0.0,20
scrambled_text_opus_20260426_141428_207d,scrambled,yan,0.0,20
scrambled_text_opus_20260426_221514_422f,scrambled,qin,0.0,20
scrambled_text_opus_20260426_221514_422f,scrambled,han,0.0,10
scrambled_text_opus_20260426_221514_422f,scrambled,wei,0.0,20
scrambled_text_opus_20260426_221514_422f,scrambled,zhao,0.0,20
scrambled_text_opus_20260426_221514_422f,scrambled,qi,0.0,15
scrambled_text_opus_20260426_221514_422f,scrambled,chu,0.0,20
scrambled_text_opus_20260426_221514_422f,scrambled,yan,0.0,20
scrambled_text_opus_20260427_064006_cb32,scrambled,qin,0.0,20
scrambled_text_opus_20260427_064006_cb32,scrambled,han,0.0,14
scrambled_text_opus_20260427_064006_cb32,scrambled,wei,0.0,20
scrambled_text_opus_20260427_064006_cb32,scrambled,zhao,0.0,11
scrambled_text_opus_20260427_064006_cb32,scrambled,qi,0.0,20
scrambled_text_opus_20260427_064006_cb32,scrambled,chu,0.0,20
scrambled_text_opus_20260427_064006_cb32,scrambled,yan,0.0,20
scrambled_text_opus_20260427_100040_de3f,scrambled,qin,0.0,20
scrambled_text_opus_20260427_100040_de3f,scrambled,han,0.0,20
scrambled_text_opus_20260427_100040_de3f,scrambled,wei,0.0,20
scrambled_text_opus_20260427_100040_de3f,scrambled,zhao,0.0,13
scrambled_text_opus_20260427_100040_de3f,scrambled,qi,0.0,20
scrambled_text_opus_20260427_100040_de3f,scrambled,chu,0.0,20
scrambled_text_opus_20260427_100040_de3f,scrambled,yan,0.0,20
